,user,item,rate
0,8,1294,5
1,62,1638,4
2,41,49,4
3,29,1168,4
4,55,1290,4
5,25,289,5
6,10,380,5
7,34,939,4
8,20,678,3
9,12,171,4
10,18,244,5
11,11,1153,4
12,9,323,5
13,50,706,4
14,59,994,5
15,12,482,4
16,42,2112,3
17,58,2058,4
18,55,2695,5
19,59,2026,3
20,4,2753,2
21,55,610,4
22,5,444,4
23,16,2612,3
24,27,1306,4
25,37,2572,4
26,29,1265,3
27,24,1223,3
28,10,1663,4
29,10,906,4
30,33,726,5
31,51,2755,4
32,29,1648,5
33,24,1584,4
34,12,1441,4
35,42,1488,2
36,12,2068,4
37,37,2294,3
38,58,2248,5
39,4,45,5
40,0,2671,3
41,37,732,4
42,20,312,4
43,41,2088,4
44,32,177,5
45,19,1067,3
46,59,1129,3
47,26,330,4
48,27,787,4
49,27,232,1
50,41,1010,4
51,54,1620,3
52,27,1225,2
53,24,888,5
54,33,931,4
55,10,24,5
56,30,2720,4
57,10,1623,5
58,60,1688,4
59,10,1668,4
60,53,1105,5
61,46,2064,4
62,23,1542,5
63,12,2072,4
64,61,1039,3
65,41,123,4
66,32,1484,5
67,60,592,4
68,24,45,5
69,5,3,2
70,48,816,5
71,59,730,4
72,59,2501,4
73,57,1126,4
74,61,379,3
75,54,1297,4
76,16,503,4
77,58,2568,4
78,33,2659,5
79,4,2646,5
80,16,2080,5
81,27,921,5
82,10,1704,4
83,46,833,4
84,53,590,4
85,33,2345,4
86,41,1414,5
87,12,1488,3
88,17,643,3
89,46,670,5
90,61,2658,4
91,61,296,3
92,2,1539,5
93,46,822,5
94,55,1826,5
95,22,2690,5
96,44,1182,4
97,55,496,3
98,35,404,4
99,16,2337,2
100,1,1987,4
101,60,1505,5
102,37,1994,4
103,44,296,5
104,34,1918,4
105,33,147,4
106,55,830,5
107,53,2695,5
108,27,555,5
109,57,2137,4
110,23,2327,5
111,55,396,5
112,25,2513,4
113,59,2436,3
114,26,2088,5
115,41,307,5
116,61,2039,4
117,25,336,5
118,41,735,4
119,22,715,4
120,59,1506,4
121,37,1298,4
122,16,1828,4
123,46,739,2
124,36,2115,4
125,38,1900,5
126,22,1751,4
127,41,296,4
128,37,1076,5
129,62,2259,5
130,37,1199,3
131,41,1236,4
132,37,2382,4
133,49,2522,3
134,42,551,3
135,34,2022,4
136,59,2075,4
137,36,2636,3
138,10,1646,4
139,41,896,5
140,58,1417,4
141,12,197,3
142,3,1073,5
143,14,2363,4
144,57,2084,5
145,59,718,2
146,25,250,4
147,24,1994,4
148,4,2636,3
149,55,1879,4
150,12,561,4
151,33,2291,4
152,29,1302,4
153,20,2231,4
154,29,2162,4
155,61,2008,3
156,6,920,5
157,16,2232,4
158,58,2286,3
159,41,715,5
160,9,2693,5
161,36,1240,5
162,54,1215,4
163,38,1721,4
164,0,1819,3
165,25,607,3
166,37,322,4
167,37,1147,5
168,42,498,3
169,27,1730,5
170,10,1402,4
171,59,2650,3
172,58,746,5
173,16,108,4
174,4,2387,5
175,52,636,5
176,25,1410,4
177,18,854,4
178,41,1357,3
179,37,349,3
180,10,433,5
181,12,1479,4
182,37,1351,4
183,0,1653,2
184,57,1534,4
185,54,1301,4
186,43,2029,5
187,59,2530,5
188,52,2385,4
189,37,738,4
190,60,377,3
191,17,2605,2
192,10,2002,4
193,12,2748,4
194,35,1584,5
195,57,225,4
196,41,925,4
197,47,1807,4
198,61,1739,5
199,28,997,5
200,6,2361,2
201,46,1091,5
202,19,909,4
203,26,1073,4
204,16,734,4
205,16,959,5
206,61,1161,3
207,33,1278,4
208,55,2542,4
209,16,2688,1
210,55,2015,2
211,33,1990,2
212,42,1411,4
213,10,1848,3
214,33,256,4
215,55,997,2
216,37,2395,4
217,1,1954,3
218,13,2328,4
219,41,2759,5
220,37,264,4
221,12,2248,5
222,29,146,3
223,41,5,4
224,61,2612,4
225,0,1822,4
226,37,841,3
227,61,772,3
228,37,2291,4
229,2,417,5
230,55,1574,3
231,41,2674,5
232,55,2127,4
233,27,809,5
234,0,165,4
235,60,2063,3
236,16,2386,5
237,47,1807,4
238,59,1544,5
239,26,839,4
240,37,2545,4
241,51,1023,4
242,27,857,5
243,1,2252,3
244,41,2488,4
245,59,2697,4
246,4,1746,5
247,57,140,4
248,59,1000,4
249,25,2049,3
250,29,61,5
251,55,49,4
252,53,2472,5
253,29,1425,4
254,8,2244,1
255,11,1649,4
256,30,1447,4
257,1,1913,4
258,39,643,4
259,42,1166,2
260,37,355,2
261,46,858,4
262,61,2715,2
263,61,950,2
264,16,1085,2
265,4,342,3
266,11,884,3
267,47,2370,5
268,41,432,4
269,25,827,4
270,28,2420,3
271,13,1428,5
272,11,931,4
273,29,2543,4
274,34,2076,4
275,48,1317,4
276,12,2011,4
277,29,600,4
278,10,2184,4
279,50,2733,4
280,14,55,4
281,42,480,2
282,33,2742,4
283,43,83,4
284,12,346,4
285,14,2282,4
286,37,1591,4
287,14,1861,5
288,31,1644,4
289,37,502,5
290,61,2571,5
291,12,2332,2
292,59,1617,3
293,36,1820,3
294,33,1783,5
295,33,708,3
296,33,2020,5
297,0,1893,4
298,52,646,4
299,13,2699,5
300,14,1850,3
301,44,765,5
302,4,235,4
303,33,2408,4
304,12,2555,4
305,54,780,4
306,61,2409,3
307,50,853,3
308,29,1131,4
309,18,1159,4
310,43,1188,3
311,61,2655,4
312,25,2669,3
313,55,1627,5
314,2,1382,4
315,12,45,4
316,7,2624,4
317,37,2464,3
318,59,1849,3
319,25,2513,3
320,0,781,4
321,59,2759,4
322,54,1798,4
323,21,59,4
324,37,2248,5
325,55,251,4
326,0,1096,4
327,63,2618,5
328,2,2190,5
329,29,373,4
330,19,1759,4
331,61,2665,4
332,31,2638,3
333,41,2357,5
334,12,592,5
335,25,638,3
336,22,422,4
337,31,2613,4
338,33,1859,4
339,52,667,4
340,55,2328,4
341,16,1082,4
342,8,1524,5
343,37,2149,4
344,36,1072,3
345,12,2311,5
346,36,1336,4
347,46,708,4
348,7,1748,4
349,59,948,4
350,54,2547,3
351,9,10,2
352,10,1064,4
353,33,2208,4
354,59,0,3
355,53,610,4
356,1,689,3
357,46,1103,2
358,1,520,5
359,41,1439,5
360,10,515,5
361,23,2070,3
362,14,2011,2
363,36,543,4
364,37,76,2
365,14,1582,4
366,10,1604,4
367,23,1809,4
368,59,2336,3
369,47,2746,4
370,59,513,4
371,25,989,2
372,3,1839,3
373,3,872,3
374,17,423,4
375,55,760,4
376,48,2011,5
377,41,577,4
378,23,1067,3
379,29,1838,3
380,20,2033,4
381,52,2457,4
382,54,1473,5
383,37,1444,5
384,1,1672,4
385,13,786,4
386,12,656,4
387,57,484,4
388,16,945,4
389,55,1413,2
390,4,1052,4
391,61,979,2
392,19,1959,4
393,4,431,5
394,61,1896,3
395,0,607,3
396,4,920,2
397,28,1652,3
398,9,2082,5
399,59,1784,3
400,37,182,4
401,28,517,4
402,1,633,3
403,50,2036,3
404,36,521,2
405,21,2317,4
406,41,411,5
407,19,2547,4
408,12,738,4
409,44,2419,4
410,11,1783,4
411,60,265,3
412,59,1414,5
413,61,1745,4
414,48,706,4
415,28,1254,5
416,26,1050,5
417,38,2260,5
418,28,2094,3
419,40,689,5
420,3,714,3
421,36,1718,4
422,22,1009,3
423,58,715,4
424,55,962,5
425,20,853,4
426,12,229,4
427,37,2166,4
428,29,1855,4
429,61,72,5
430,34,2331,3
431,29,626,4
432,30,553,2
433,6,2757,5
434,29,1551,4
435,12,260,4
436,16,1009,4
437,4,1079,3
438,16,1433,4
439,54,769,2
440,29,1594,4
441,11,2207,4
442,25,1258,3
443,47,2450,4
444,62,450,3
445,59,816,4
446,12,417,4
447,35,1230,2
448,10,203,4
449,42,640,4
450,46,1385,4
451,57,1267,5
452,37,1796,3
453,11,10,3
454,10,1591,4
455,41,1137,5
456,19,1971,4
457,0,353,3
458,24,2248,4
459,55,155,4
460,33,78,4
461,10,2339,4
462,47,1734,5
463,41,1218,4
464,40,141,5
465,41,122,2
466,59,1670,3
467,55,2521,5
468,61,513,4
469,45,916,3
470,20,1382,4
471,16,1697,4
472,12,474,4
473,12,280,3
474,42,1470,4
475,10,175,5
476,33,560,3
477,55,1815,5
478,41,570,4
479,50,1801,3
480,52,201,3
481,12,2118,5
482,9,941,3
483,55,2727,3
484,4,2041,3
485,26,2769,4
486,46,2091,3
487,6,149,3
488,38,109,5
489,48,371,4
490,2,1708,5
491,22,284,3
492,41,2419,5
493,40,2167,4
494,41,2011,5
495,52,345,5
496,2,2014,5
497,28,245,5
498,37,185,4
499,51,2263,5
500,59,1809,4
501,4,333,5
502,4,101,3
503,52,1528,4
504,42,2075,4
505,49,742,1
506,12,656,4
507,34,1516,4
508,24,1746,4
509,61,1955,2
510,39,31,4
511,10,1157,5
512,26,193,3
513,48,1120,2
514,47,1150,4
515,55,641,4
516,29,2335,2
517,37,1798,4
518,33,1791,4
519,21,2537,4
520,0,1707,4
521,0,2433,2
522,37,2465,5
523,33,259,4
524,55,476,4
525,33,240,3
526,41,2367,5
527,12,1611,3
528,42,753,5
529,33,155,4
530,8,986,4
531,36,850,4
532,29,974,3
533,16,1772,4
534,61,2586,4
535,8,1656,3
536,47,1066,4
537,27,935,5
538,13,2291,3
539,31,2201,4
540,12,1911,4
541,25,2329,2
542,55,2328,3
543,33,454,5
544,42,950,3
545,6,2056,5
546,3,2655,4
547,6,2173,5
548,32,2247,5
549,52,816,5
550,61,1115,3
551,25,1077,3
552,34,2143,3
553,57,712,4
554,47,643,4
555,15,2140,4
556,11,663,4
557,0,508,3
558,1,2506,4
559,37,1532,4
560,51,1280,5
561,27,1815,4
562,25,997,4
563,16,73,5
564,46,169,3
565,41,2187,4
566,21,28,2
567,29,1797,4
568,13,1008,4
569,46,2047,3
570,55,2670,5
571,53,2071,4
572,15,272,4
573,49,2007,5
574,26,2526,3
575,12,780,5
576,43,1136,4
577,0,2180,3
578,43,2678,4
579,34,939,5
580,42,235,2
581,42,837,4
582,43,2173,4
583,41,2501,4
584,47,502,5
585,12,2223,3
586,60,1836,5
587,5,2299,4
588,20,1931,5
589,25,1483,4
590,61,1108,2
591,41,643,4
592,62,778,3
593,33,605,4
594,8,220,4
595,62,1863,5
596,36,659,4
597,10,1058,3
598,0,900,4
599,29,696,4
600,31,1619,3
601,59,1531,4
602,59,1148,3
603,31,1056,4
604,12,2223,5
605,62,1443,4
606,58,2252,2
607,12,2419,4
608,33,261,3
609,48,1693,4
610,57,1561,4
611,10,522,4
612,4,1961,3
613,37,256,4
614,59,526,4
615,49,2007,5
616,33,2164,4
617,37,2435,4
618,60,1911,4
619,33,274,4
620,33,587,4
621,61,1547,4
622,47,821,2
623,26,1073,5
624,33,915,4
625,12,1457,4
626,52,1489,4
627,12,2682,4
628,47,1757,4
629,11,1833,5
630,22,951,4
631,31,1064,3
632,37,2063,3
633,37,2642,4
634,10,1226,4
635,60,1888,4
636,29,80,4
637,63,289,4
638,13,87,3
639,52,1240,4
640,38,778,5
641,21,2551,5
642,28,2266,5
643,33,2598,4
644,43,924,4
645,25,2737,4
646,46,1206,3
647,34,2553,5
648,6,954,4
649,42,2523,3
650,50,1149,5
651,33,2491,5
652,62,1358,3
653,10,1826,4
654,11,1512,5
655,24,2628,5
656,8,1732,4
657,15,240,4
658,46,2737,4
659,16,1164,2
660,29,1576,5
661,29,1717,4
662,46,176,4
663,41,292,5
664,31,2537,3
665,11,16,4
666,46,1556,5
667,57,2761,4
668,4,585,5
669,42,836,4
670,20,284,2
671,44,1667,3
672,0,1244,3
673,14,1205,1
674,34,1782,4
675,41,2528,5
676,22,2242,4
677,40,1430,4
678,36,1816,3
679,62,2455,4
680,46,1983,3
681,23,2762,4
682,53,2380,4
683,7,349,3
684,32,355,4
685,16,1637,4
686,12,1286,4
687,4,615,5
688,7,1345,4
689,47,336,5
690,10,1471,3
691,10,2482,5
692,43,2743,4
693,6,1183,4
694,1,1746,3
695,29,2104,4
696,22,1922,5
697,33,1258,5
698,16,234,5
699,37,2545,4
700,41,2033,3
701,61,1199,4
702,12,2074,3
703,37,730,3
704,36,2178,4
705,61,644,5
706,7,2406,4
707,59,1543,4
708,32,2175,3
709,33,1652,4
710,57,262,3
711,27,2046,4
712,4,2733,3
713,52,1367,4
714,62,2060,4
715,11,125,3
716,37,1173,4
717,31,1564,4
718,23,870,4
719,33,1499,4
720,54,1156,4
721,37,1707,4
722,57,285,4
723,29,2330,3
724,29,766,3
725,15,193,4
726,41,1354,4
727,26,521,4
728,15,2284,5
729,2,1898,4
730,7,2630,5
731,8,1469,3
732,37,2409,3
733,12,2489,4
734,53,1778,3
735,55,496,5
736,41,1034,4
737,23,483,3
738,12,2305,4
739,12,1041,4
740,55,1939,5
741,37,2128,3
742,25,1226,5
743,2,1135,5
744,23,1875,4
745,4,535,5
746,39,537,5
747,12,1156,4
748,25,1993,3
749,36,72,5
750,33,826,3
751,26,643,5
752,41,854,5
753,25,1311,3
754,10,793,4
755,61,766,3
756,2,1433,3
757,23,1554,4
758,55,240,3
759,12,1457,5
760,10,43,4
761,52,2590,5
762,57,691,3
763,12,1531,4
764,29,2352,4
765,37,985,4
766,60,596,5
767,47,2733,4
768,12,636,4
769,57,878,5
770,61,296,5
771,46,64,4
772,4,2327,3
773,25,830,4
774,7,1531,2
775,46,107,5
776,27,2291,5
777,1,196,5
778,17,819,4
779,10,2233,4
780,53,214,5
781,33,2259,4
782,22,413,4
783,16,2396,5
784,52,410,5
785,60,89,5
786,3,1984,2
787,10,1425,4
788,31,702,5
789,12,502,4
790,45,2254,3
791,46,844,4
792,38,1936,5
793,22,1347,4
794,18,1866,4
795,41,298,3
796,58,601,2
797,22,1414,4
798,33,2082,4
799,33,2471,4
800,25,1290,4
801,46,2584,3
802,36,1786,3
803,16,2748,5
804,20,768,3
805,26,1057,4
806,59,307,3
807,37,955,3
808,12,2570,1
809,10,1854,5
810,26,2409,4
811,25,299,1
812,12,2246,4
813,27,2542,2
814,29,2778,5
815,46,1704,4
816,37,826,4
817,31,1323,4
818,21,353,3
819,59,692,3
820,10,1290,4
821,38,42,5
822,46,1360,5
823,29,1758,4
824,57,863,4
825,47,2009,3
826,55,1011,5
827,54,2366,4
828,22,1079,5
829,11,740,3
830,1,2406,3
831,55,339,4
832,10,2184,5
833,4,2372,5
834,41,2497,3
835,42,1232,3
836,18,1073,2
837,6,586,4
838,10,1591,3
839,24,1813,4
840,59,1391,3
841,37,77,4
842,16,2326,3
843,47,2039,5
844,41,2080,3
845,59,154,3
846,7,1054,4
847,41,2739,5
848,13,2554,5
849,23,77,4
850,0,2440,3
851,25,1190,3
852,28,756,4
853,12,2555,5
854,39,1335,1
855,38,198,5
856,58,791,4
857,52,2024,3
858,38,24,5
859,44,1449,4
860,7,2632,3
861,22,384,5
862,55,958,5
863,23,1905,4
864,39,922,5
865,1,1651,5
866,22,122,5
867,31,2538,3
868,22,973,4
869,29,2392,4
870,54,2248,3
871,48,2705,5
872,33,1826,5
873,30,1057,3
874,11,24,5
875,41,1563,3
876,5,1685,4
877,16,1960,5
878,57,2215,5
879,31,2404,2
880,29,394,3
881,5,1692,2
882,26,617,4
883,57,493,3
884,54,1335,3
885,59,1154,3
886,15,2806,5
887,57,244,4
888,11,1949,3
889,46,319,5
890,1,1079,3
891,12,134,5
892,1,599,4
893,59,1381,5
894,22,2183,5
895,34,1167,3
896,36,2458,3
897,27,1226,5
898,52,792,4
899,4,887,5
900,58,2520,2
901,60,585,5
902,16,1404,3
903,37,2345,5
904,31,2468,4
905,24,2336,4
906,41,21,4
907,47,2059,4
908,16,2373,4
909,46,1362,3
910,20,1964,4
911,44,2326,4
912,36,535,4
913,38,1936,5
914,47,2039,5
915,29,1264,4
916,12,1722,4
917,10,438,5
918,37,1526,3
919,55,2328,4
920,15,2432,4
921,59,2236,3
922,33,1623,5
923,52,1756,5
924,59,278,3
925,26,92,4
926,28,2136,2
927,53,1461,5
928,20,1915,4
929,32,751,1
930,33,2393,4
931,37,1075,5
932,31,1059,4
933,12,537,4
934,58,746,5
935,61,589,5
936,27,2742,2
937,54,355,3
938,10,1077,4
939,4,643,4
940,46,2414,4
941,37,2714,4
942,17,329,4
943,10,2266,5
944,12,1417,4
945,0,353,3
946,48,1820,5
947,29,1198,4
948,33,991,4
949,33,339,5
950,33,737,4
951,57,481,5
952,37,314,4
953,19,2489,4
954,25,233,3
955,11,162,3
956,41,853,4
957,29,2266,4
958,26,2006,4
959,4,306,3
960,12,306,2
961,41,318,3
962,38,547,3
963,13,2548,4
964,41,617,3
965,59,1601,3
966,54,389,4
967,25,958,5
968,42,1065,4
969,43,1572,3
970,3,1201,5
971,31,2316,4
972,57,365,4
973,46,490,4
974,63,1289,5
975,9,2660,2
976,14,2762,2
977,57,1681,4
978,53,76,5
979,51,306,3
980,12,1981,4
981,59,2152,4
982,48,1500,5
983,6,920,5
984,53,1226,5
985,10,1565,3
986,52,2522,2
987,4,1382,5
988,4,18,2
989,61,1130,5
990,42,189,4
991,29,218,4
992,4,2506,4
993,61,2307,3
994,12,2697,4
995,12,377,5
996,41,1601,2
997,29,419,4
998,33,2132,5
999,16,138,4
1000,58,2591,4
1001,12,2461,4
1002,61,1150,4
1003,62,59,4
1004,11,2208,4
1005,25,801,2
1006,19,1391,3
1007,12,2540,3
1008,41,1716,3
1009,36,1586,3
1010,47,122,3
1011,36,1122,4
1012,28,1574,4
1013,33,2786,4
1014,26,1986,5
1015,41,823,4
1016,52,1430,3
1017,49,510,5
1018,58,2733,4
1019,57,1659,5
1020,25,1448,5
1021,31,1822,4
1022,59,875,3
1023,28,316,4
1024,61,1022,4
1025,41,840,4
1026,25,1616,2
1027,60,2561,3
1028,29,1260,4
1029,23,286,3
1030,40,2430,5
1031,47,178,4
1032,27,253,4
1033,30,945,3
1034,2,1544,4
1035,61,2118,5
1036,49,533,5
1037,26,1413,3
1038,55,250,2
1039,50,229,5
1040,5,1549,3
1041,27,1290,5
1042,10,2532,5
1043,37,7,4
1044,25,2259,4
1045,26,1050,5
1046,40,1232,4
1047,41,1759,4
1048,34,200,3
1049,20,483,5
1050,33,1683,4
1051,29,1592,2
1052,33,382,4
1053,59,1773,2
1054,25,2383,3
1055,60,1576,4
1056,11,500,4
1057,52,2497,5
1058,41,1391,3
1059,17,1437,2
1060,37,1230,4
1061,23,2122,4
1062,42,1204,2
1063,61,2167,4
1064,16,403,3
1065,37,2516,4
1066,4,1189,1
1067,14,355,4
1068,25,250,2
1069,46,1338,3
1070,52,780,5
1071,37,2482,4
1072,31,16,3
1073,33,924,5
1074,37,2313,3
1075,42,2451,4
1076,29,1958,4
1077,12,2733,1
1078,24,355,2
1079,11,1113,5
1080,33,1319,5
1081,26,2707,5
1082,12,2322,5
1083,10,1462,3
1084,43,684,4
1085,41,864,5
1086,19,2707,3
1087,41,994,3
1088,59,705,4
1089,16,2008,4
1090,27,1732,4
1091,57,509,4
1092,40,2643,1
1093,11,2173,4
1094,0,1704,4
1095,59,672,3
1096,10,172,3
1097,17,2458,4
1098,37,806,5
1099,60,1622,5
1100,48,1170,5
1101,41,2462,3
1102,59,2430,5
1103,52,759,3
1104,24,1508,5
1105,51,740,2
1106,54,1242,4
1107,61,1305,4
1108,13,830,4
1109,27,151,4
1110,61,330,3
1111,52,1835,4
1112,33,1510,4
1113,59,2801,3
1114,41,2441,4
1115,10,595,4
1116,41,2489,5
1117,41,502,5
1118,6,1533,4
1119,31,2146,4
1120,43,277,4
1121,46,1867,3
1122,49,2223,2
1123,41,1397,3
1124,54,1390,3
1125,9,388,4
1126,26,1480,4
1127,24,920,4
1128,28,1092,4
1129,37,1085,5
1130,21,1374,5
1131,57,1466,2
1132,17,743,2
1133,51,1439,5
1134,37,1063,3
1135,27,1664,5
1136,41,288,4
1137,7,88,4
1138,16,264,4
1139,29,1560,4
1140,46,173,4
1141,37,1999,3
1142,15,2338,5
1143,12,2119,4
1144,37,2529,5
1145,21,1008,4
1146,36,1892,4
1147,14,2615,4
1148,22,316,2
1149,16,2809,3
1150,41,1214,3
1151,50,2562,5
1152,59,618,3
1153,27,2382,1
1154,21,1857,2
1155,41,2223,5
1156,22,504,3
1157,36,2181,4
1158,33,1388,5
1159,46,1002,3
1160,27,458,4
1161,18,1174,1
1162,42,2198,4
1163,7,2520,4
1164,57,2808,5
1165,15,110,5
1166,12,1000,3
1167,46,24,5
1168,16,1433,4
1169,59,2098,3
1170,61,2453,3
1171,33,1293,4
1172,54,755,5
1173,41,1308,3
1174,11,2511,4
1175,26,498,5
1176,25,28,3
1177,51,1151,5
1178,45,1554,4
1179,37,66,2
1180,17,1414,5
1181,10,1822,4
1182,7,1187,1
1183,11,2692,4
1184,10,814,5
1185,36,875,4
1186,52,1312,5
1187,44,2400,3
1188,33,2444,3
1189,42,2596,4
1190,10,1521,5
1191,29,129,3
1192,31,970,4
1193,49,315,2
1194,37,422,4
1195,30,683,2
1196,15,1211,5
1197,46,610,5
1198,42,1569,5
1199,41,2799,4
1200,41,698,3
1201,12,672,3
1202,59,1221,4
1203,24,935,4
1204,10,250,3
1205,40,1613,2
1206,46,211,3
1207,51,234,4
1208,48,937,5
1209,62,1415,5
1210,10,2471,4
1211,41,2388,4
1212,6,1992,5
1213,37,2733,5
1214,31,1512,5
1215,54,1104,3
1216,37,989,4
1217,43,1822,5
1218,59,2172,3
1219,59,1913,3
1220,11,595,3
1221,60,124,5
1222,9,2185,4
1223,0,2520,4
1224,55,1202,5
1225,43,1951,4
1226,52,791,4
1227,16,329,3
1228,23,1378,3
1229,4,1273,3
1230,31,2278,5
1231,6,2793,5
1232,15,740,3
1233,34,505,4
1234,25,2485,3
1235,37,2634,4
1236,54,579,3
1237,25,91,3
1238,29,1024,4
1239,10,424,5
1240,53,797,3
1241,20,2197,3
1242,32,536,5
1243,48,2569,4
1244,52,448,4
1245,33,517,5
1246,42,1161,3
1247,55,2757,5
1248,37,989,4
1249,3,48,3
1250,25,1761,2
1251,62,1989,4
1252,1,156,3
1253,55,709,5
1254,61,2302,4
1255,33,1833,4
1256,10,1536,4
1257,29,547,3
1258,41,1165,3
1259,12,2070,3
1260,35,375,3
1261,58,1021,4
1262,47,1424,3
1263,34,2291,4
1264,59,224,4
1265,12,1137,4
1266,26,837,5
1267,52,2636,5
1268,19,829,3
1269,33,430,5
1270,60,2759,5
1271,37,1101,5
1272,6,2016,4
1273,46,117,4
1274,57,2410,3
1275,20,2401,4
1276,36,2006,4
1277,29,1908,4
1278,49,2313,4
1279,11,433,4
1280,41,2354,3
1281,18,2666,4
1282,16,589,4
1283,29,391,3
1284,12,417,3
1285,25,733,2
1286,17,423,5
1287,6,2015,2
1288,25,398,3
1289,12,327,3
1290,23,2450,5
1291,33,2744,5
1292,24,837,1
1293,16,799,5
1294,16,1617,4
1295,12,1567,3
1296,7,2130,4
1297,26,945,5
1298,41,1606,4
1299,29,254,3
1300,44,1609,2
1301,25,1771,4
1302,8,1939,3
1303,15,1755,4
1304,60,208,2
1305,31,1705,5
1306,57,527,4
1307,7,2430,5
1308,17,120,4
1309,37,424,4
1310,31,2445,4
1311,27,2698,4
1312,10,907,5
1313,43,2291,3
1314,6,296,5
1315,46,965,3
1316,6,663,4
1317,13,2064,4
1318,23,448,4
1319,13,1300,5
1320,53,2138,5
1321,26,417,3
1322,37,830,4
1323,10,1854,5
1324,0,1259,3
1325,4,2800,3
1326,31,1056,4
1327,57,2813,4
1328,16,488,4
1329,14,2733,4
1330,30,1367,3
1331,61,1994,5
1332,12,512,4
1333,37,2018,5
1334,10,2016,5
1335,12,124,4
1336,3,222,2
1337,33,871,4
1338,33,1467,3
1339,44,355,4
1340,7,2539,5
1341,49,2228,2
1342,59,1474,3
1343,57,2054,5
1344,57,276,4
1345,10,595,4
1346,18,1969,4
1347,59,1042,3
1348,25,336,5
1349,12,2562,4
1350,29,1661,4
1351,13,424,4
1352,3,1503,3
1353,31,1757,4
1354,43,716,4
1355,4,1288,4
1356,37,1379,3
1357,46,2174,4
1358,8,587,4
1359,16,2083,5
1360,55,724,4
1361,38,540,2
1362,6,250,2
1363,32,431,2
1364,52,2716,2
1365,53,299,4
1366,29,1320,4
1367,57,1738,3
1368,33,2328,3
1369,54,1159,5
1370,29,569,3
1371,43,1107,1
1372,55,1857,5
1373,51,2671,2
1374,46,651,4
1375,24,1697,5
1376,60,596,5
1377,47,2586,5
1378,55,2285,2
1379,28,1521,3
1380,57,1163,4
1381,27,2400,4
1382,10,724,4
1383,37,2460,4
1384,10,1276,4
1385,29,1903,4
1386,17,524,1
1387,47,840,4
1388,6,2629,5
1389,54,1426,3
1390,7,2597,5
1391,41,582,5
1392,27,1528,4
1393,10,159,2
1394,12,355,5
1395,42,1942,3
1396,55,1574,5
1397,55,871,4
1398,43,1101,4
1399,46,641,4
1400,6,431,5
1401,57,1793,4
1402,0,1070,4
1403,54,1023,4
1404,59,2530,5
1405,48,2800,4
1406,58,1174,3
1407,29,1880,4
1408,46,990,5
1409,61,24,4
1410,60,973,5
1411,59,740,4
1412,23,2730,3
1413,55,2444,4
1414,61,1101,4
1415,59,460,3
1416,36,1837,3
1417,16,2430,4
1418,27,580,5
1419,35,2299,5
1420,29,1446,4
1421,10,1980,4
1422,37,34,4
1423,59,2658,4
1424,53,1455,3
1425,29,2536,3
1426,59,1038,3
1427,8,1326,3
1428,40,1945,4
1429,55,606,4
1430,55,259,4
1431,22,1424,4
1432,31,1608,4
1433,52,972,4
1434,8,1871,4
1435,7,377,4
1436,9,59,4
1437,59,2190,2
1438,16,2557,5
1439,27,2408,4
1440,10,1725,3
1441,22,514,5
1442,25,161,3
1443,2,257,5
1444,59,0,4
1445,57,949,4
1446,20,1816,4
1447,44,2804,5
1448,32,706,2
1449,59,1367,4
1450,36,37,4
1451,52,2605,4
1452,1,460,5
1453,16,685,5
1454,27,1209,3
1455,23,96,4
1456,25,24,3
1457,51,700,5
1458,59,730,2
1459,32,2451,4
1460,16,993,3
1461,4,2037,5
1462,10,181,5
1463,16,417,3
1464,36,2706,3
1465,24,2626,4
1466,42,2104,3
1467,6,1638,5
1468,12,2223,4
1469,5,671,1
1470,41,1590,5
1471,3,118,1
1472,7,1544,5
1473,43,1631,5
1474,41,1033,4
1475,29,699,4
1476,55,665,4
1477,50,740,4
1478,22,128,3
1479,12,1994,4
1480,10,1755,4
1481,10,289,5
1482,47,920,4
1483,5,905,4
1484,27,1761,4
1485,24,755,5
1486,41,730,4
1487,1,2612,4
1488,31,1755,4
1489,22,1173,5
1490,25,1771,5
1491,12,909,4
1492,48,1473,5
1493,42,1159,5
1494,29,249,4
1495,10,653,4
1496,55,242,4
1497,6,2793,5
1498,59,1052,4
1499,48,840,4
1500,59,402,3
1501,22,1439,5
1502,11,2136,4
1503,59,690,4
1504,39,2636,5
1505,46,1233,5
1506,10,1048,5
1507,14,1595,2
1508,37,2119,5
1509,22,2739,2
1510,47,2811,3
1511,29,2107,4
1512,54,2530,4
1513,23,33,5
1514,4,1158,5
1515,33,438,5
1516,31,2125,5
1517,46,1195,5
1518,49,816,5
1519,12,819,4
1520,59,13,3
1521,4,1430,4
1522,33,1202,4
1523,42,894,3
1524,4,1582,5
1525,55,2477,5
1526,44,730,4
1527,36,1892,3
1528,35,847,4
1529,43,665,4
1530,1,504,4
1531,53,2695,5
1532,19,1545,3
1533,0,181,5
1534,0,16,4
1535,42,2038,2
1536,28,1415,4
1537,31,489,4
1538,51,2348,3
1539,30,553,4
1540,26,2036,4
1541,37,909,3
1542,22,1055,5
1543,12,2601,4
1544,55,986,5
1545,41,553,3
1546,10,1862,5
1547,57,2616,4
1548,57,1007,2
1549,10,1409,5
1550,41,2636,4
1551,16,120,2
1552,30,2253,2
1553,45,2080,4
1554,16,2620,2
1555,28,560,4
1556,47,1665,4
1557,14,491,3
1558,33,2607,5
1559,0,2742,4
1560,14,1934,5
1561,59,2241,4
1562,27,996,5
1563,27,2382,4
1564,33,1710,5
1565,60,1622,4
1566,53,2740,4
1567,12,436,4
1568,52,2701,4
1569,12,2601,4
1570,37,2769,4
1571,37,1349,4
1572,59,1334,3
1573,16,603,5
1574,14,1722,4
1575,59,1357,5
1576,42,341,3
1577,17,2683,5
1578,41,1948,3
1579,12,1813,3
1580,39,2689,2
1581,51,120,5
1582,11,439,3
1583,46,353,4
1584,59,389,4
1585,59,1173,4
1586,33,907,5
1587,33,2402,5
1588,54,2088,4
1589,15,22,4
1590,22,658,4
1591,31,2670,4
1592,44,1052,4
1593,28,1995,1
1594,23,630,4
1595,10,634,4
1596,39,2199,2
1597,33,607,5
1598,55,2737,5
1599,44,730,5
1600,57,2012,4
1601,33,2794,4
1602,41,2612,4
1603,25,268,3
1604,45,628,5
1605,52,1809,4
1606,19,2153,4
1607,33,2207,5
1608,61,2135,4
1609,29,1483,1
1610,36,2011,4
1611,20,838,4
1612,10,632,2
1613,37,1846,2
1614,23,1526,4
1615,11,2144,4
1616,59,585,4
1617,11,301,5
1618,42,464,3
1619,31,1762,4
1620,2,1391,5
1621,48,2299,2
1622,57,1032,3
1623,54,1315,4
1624,37,920,5
1625,6,2742,4
1626,16,1548,4
1627,51,780,5
1628,14,2355,2
1629,42,920,4
1630,36,1853,2
1631,53,665,1
1632,10,598,5
1633,53,495,4
1634,0,1855,4
1635,42,487,4
1636,4,973,4
1637,43,1766,4
1638,37,121,3
1639,31,161,3
1640,37,1644,4
1641,13,2534,5
1642,33,2082,4
1643,48,386,5
1644,37,2307,4
1645,23,585,4
1646,8,1136,4
1647,16,2119,5
1648,8,675,3
1649,31,572,4
1650,0,1627,4
1651,30,1595,3
1652,37,2795,4
1653,25,336,5
1654,21,573,3
1655,20,355,4
1656,36,2307,2
1657,45,646,2
1658,23,683,4
1659,33,2664,4
1660,50,244,2
1661,23,561,5
1662,15,1819,2
1663,47,2192,5
1664,53,353,5
1665,41,2605,3
1666,8,1103,3
1667,31,2737,4
1668,27,2727,4
1669,1,2141,2
1670,42,356,4
1671,36,667,4
1672,56,261,4
1673,17,1449,4
1674,37,222,4
1675,44,853,5
1676,60,935,4
1677,29,2487,4
1678,7,561,4
1679,61,920,5
1680,15,2420,5
1681,51,2011,5
1682,56,1202,2
1683,18,437,4
1684,7,2585,3
1685,63,2442,5
1686,41,2690,5
1687,4,2561,4
1688,37,1172,3
1689,9,2027,5
1690,41,1548,3
1691,14,417,2
1692,48,2248,5
1693,21,226,4
1694,33,2411,4
1695,20,1129,4
1696,8,282,4
1697,29,2279,4
1698,10,968,4
1699,25,832,4
1700,36,973,4
1701,47,737,5
1702,4,1773,3
1703,41,1301,3
1704,51,1994,4
1705,15,833,4
1706,19,1994,5
1707,8,2553,4
1708,37,2329,4
1709,46,2094,4
1710,41,1680,5
1711,20,1736,3
1712,34,2100,4
1713,59,2615,4
1714,3,976,5
1715,23,333,4
1716,24,2305,1
1717,25,1343,4
1718,61,2609,4
1719,37,707,4
1720,12,355,5
1721,33,680,5
1722,27,496,4
1723,46,2518,3
1724,57,1403,4
1725,52,603,4
1726,11,1883,5
1727,26,1161,5
1728,10,461,5
1729,12,305,4
1730,31,547,4
1731,60,2311,4
1732,10,1890,4
1733,12,1031,4
1734,47,122,3
1735,57,1184,4
1736,10,2548,4
1737,42,1009,3
1738,24,2271,1
1739,41,850,4
1740,24,1417,4
1741,21,2052,2
1742,57,2438,4
1743,4,1786,3
1744,21,1226,5
1745,22,1283,2
1746,26,1057,4
1747,30,1632,4
1748,52,2713,5
1749,38,506,5
1750,27,2294,2
1751,10,2292,5
1752,27,240,4
1753,29,198,4
1754,46,2582,4
1755,7,1028,4
1756,54,1568,4
1757,41,551,3
1758,1,1100,4
1759,33,680,5
1760,62,1743,4
1761,25,1196,4
1762,51,406,3
1763,17,77,1
1764,8,779,5
1765,55,396,5
1766,3,2166,4
1767,29,2004,3
1768,45,2104,5
1769,59,2462,3
1770,33,1668,4
1771,42,998,4
1772,46,1790,5
1773,41,2347,4
1774,52,2341,4
1775,14,1873,5
1776,32,2359,4
1777,37,1841,4
1778,36,1495,3
1779,42,377,2
1780,41,1419,5
1781,33,2154,5
1782,59,526,4
1783,25,78,2
1784,11,22,2
1785,36,1347,3
1786,45,1050,3
1787,26,2636,4
1788,35,99,3
1789,59,2033,5
1790,33,1290,5
1791,20,1852,4
1792,52,1453,4
1793,4,728,4
1794,14,1086,3
1795,33,1332,4
1796,47,2238,4
1797,51,2777,4
1798,47,1149,4
1799,1,1162,5
1800,3,193,4
1801,20,1230,3
1802,13,1805,5
1803,49,236,2
1804,11,2806,5
1805,12,2102,5
1806,10,1318,5
1807,33,2285,4
1808,29,1926,3
1809,22,853,4
1810,7,2273,5
1811,53,773,5
1812,61,2697,4
1813,21,24,2
1814,25,899,4
1815,30,2113,3
1816,15,1604,1
1817,29,247,5
1818,6,2521,5
1819,48,854,4
1820,46,2086,4
1821,25,1536,3
1822,10,2210,4
1823,37,1838,4
1824,16,1701,3
1825,42,349,3
1826,11,112,5
1827,44,627,4
1828,25,160,2
1829,46,2030,3
1830,25,608,3
1831,36,734,4
1832,42,1800,3
1833,43,2184,3
1834,16,536,5
1835,21,1058,3
1836,37,1981,5
1837,10,1963,4
1838,14,829,2
1839,36,876,3
1840,8,2027,4
1841,45,2263,5
1842,24,1651,5
1843,43,136,4
1844,8,931,4
1845,26,1143,4
1846,36,355,4
1847,38,1607,3
1848,9,2703,4
1849,54,278,4
1850,55,2719,5
1851,12,552,2
1852,50,1217,5
1853,20,909,4
1854,61,2777,4
1855,31,608,4
1856,1,1034,4
1857,17,120,4
1858,36,206,3
1859,37,376,4
1860,3,2120,4
1861,59,2552,3
1862,57,815,4
1863,26,2102,4
1864,61,290,5
1865,12,1434,4
1866,34,2148,4
1867,0,2743,4
1868,0,443,4
1869,13,740,4
1870,48,1818,4
1871,23,1473,5
1872,8,2567,4
1873,29,623,4
1874,41,2118,5
1875,24,920,4
1876,41,1444,4
1877,63,2607,5
1878,29,263,5
1879,22,296,5
1880,31,2377,5
1881,37,2345,4
1882,33,1036,4
1883,16,2587,4
1884,45,1315,4
1885,57,332,4
1886,10,44,4
1887,51,1380,4
1888,33,297,4
1889,14,1842,5
1890,6,380,1
1891,53,779,5
1892,47,2624,1
1893,52,2097,4
1894,63,1664,5
1895,20,2245,5
1896,43,2365,5
1897,32,1214,1
1898,41,1149,4
1899,17,77,4
1900,10,564,4
1901,33,2364,5
1902,56,778,3
1903,46,2583,3
1904,25,1176,3
1905,25,451,4
1906,59,1321,3
1907,41,2031,3
1908,37,2763,3
1909,27,2597,4
1910,16,1452,3
1911,14,2454,5
1912,46,2649,5
1913,29,1704,4
1914,43,24,3
1915,47,122,4
1916,23,1159,4
1917,36,329,4
1918,51,298,4
1919,43,853,5
1920,34,311,3
1921,17,2337,4
1922,1,987,3
1923,3,671,4
1924,16,1138,4
1925,62,962,5
1926,43,874,4
1927,31,2478,3
1928,46,1678,4
1929,5,31,3
1930,14,2187,2
1931,49,1827,5
1932,42,217,2
1933,10,2779,3
1934,29,559,5
1935,25,565,4
1936,10,1577,4
1937,31,78,1
1938,46,607,4
1939,61,1931,3
1940,61,853,3
1941,32,1161,5
1942,25,1001,2
1943,32,1230,5
1944,59,1031,4
1945,36,2529,5
1946,10,2222,3
1947,25,2678,4
1948,38,1914,3
1949,63,1703,5
1950,59,1223,3
1951,6,962,3
1952,12,1213,2
1953,60,1478,5
1954,36,417,2
1955,37,1692,4
1956,29,462,3
1957,10,2756,3
1958,15,155,4
1959,12,358,5
1960,36,2606,3
1961,51,2062,2
1962,57,1234,3
1963,12,2697,3
1964,28,110,5
1965,25,1627,4
1966,33,1020,4
1967,12,578,4
1968,6,724,5
1969,29,883,1
1970,9,438,5
1971,3,2781,3
1972,61,2083,4
1973,12,482,5
1974,39,14,5
1975,4,1218,4
1976,41,284,3
1977,26,431,4
1978,16,633,3
1979,61,405,4
1980,48,2483,5
1981,41,1597,4
1982,33,2727,4
1983,19,377,4
1984,1,2655,4
1985,32,2332,4
1986,33,2726,4
1987,48,2080,4
1988,44,503,4
1989,37,312,4
1990,62,1289,4
1991,12,358,5
1992,28,24,5
1993,17,386,2
1994,30,1571,3
1995,16,1310,4
1996,46,663,4
1997,57,2287,5
1998,14,704,5
1999,1,2641,4
2000,1,1588,4
2001,12,1119,4
2002,43,471,5
2003,7,1674,5
2004,40,821,1
2005,51,2176,3
2006,30,1039,5
2007,29,1935,4
2008,12,1645,4
2009,16,58,4
2010,62,781,3
2011,47,735,3
2012,29,1329,4
2013,58,640,5
2014,44,2033,4
2015,23,1076,5
2016,36,932,3
2017,25,2721,3
2018,4,1465,4
2019,46,1844,5
2020,23,2216,4
2021,54,516,4
2022,53,2724,5
2023,33,1005,4
2024,20,2135,3
2025,42,1041,4
2026,48,2247,5
2027,24,643,5
2028,41,1175,3
2029,42,2247,4
2030,41,1414,5
2031,12,2246,4
2032,32,730,5
2033,28,2437,5
2034,42,521,4
2035,48,1022,4
2036,0,1711,4
2037,18,1811,4
2038,26,1052,5
2039,33,461,4
2040,16,803,4
2041,6,1712,4
2042,33,1363,4
2043,15,492,2
2044,55,2015,2
2045,16,1252,3
2046,0,668,5
2047,41,685,3
2048,12,2588,5
2049,22,37,5
2050,61,2038,2
2051,0,914,4
2052,11,1298,2
2053,55,2173,5
2054,12,1473,4
2055,10,1992,5
2056,47,1543,4
2057,60,355,3
2058,45,1237,4
2059,37,873,3
2060,46,1591,3
2061,25,778,4
2062,36,2668,3
2063,36,2614,4
2064,59,2238,2
2065,61,1894,1
2066,13,2204,4
2067,48,355,4
2068,33,472,5
2069,41,1807,3
2070,46,1683,2
2071,9,986,5
2072,25,562,4
2073,0,1175,5
2074,32,2231,4
2075,33,1900,5
2076,51,2520,3
2077,17,2238,3
2078,51,2188,4
2079,59,1580,3
2080,47,910,4
2081,41,377,4
2082,30,589,3
2083,25,57,3
2084,10,2145,4
2085,3,126,2
2086,59,734,4
2087,33,1048,5
2088,57,1497,4
2089,11,2196,3
2090,7,448,5
2091,57,1754,4
2092,49,466,5
2093,44,758,3
2094,36,1161,3
2095,25,778,3
2096,42,2769,3
2097,57,1724,3
2098,48,1816,5
2099,56,2128,5
2100,36,393,4
2101,0,1896,4
2102,0,2478,4
2103,51,2713,5
2104,56,1139,5
2105,22,431,5
2106,10,268,4
2107,29,1920,1
2108,25,2227,3
2109,6,665,4
2110,14,1442,1
2111,7,1697,5
2112,7,2274,4
2113,48,1492,4
2114,51,769,2
2115,40,1852,5
2116,41,655,3
2117,48,1165,4
2118,36,2722,3
2119,24,2261,5
2120,62,899,4
2121,42,2520,4
2122,38,1765,4
2123,33,611,2
2124,37,718,4
2125,4,2323,1
2126,22,1379,3
2127,10,809,3
2128,37,915,4
2129,41,498,4
2130,12,1582,4
2131,23,1697,4
2132,60,1414,4
2133,59,2088,4
2134,53,1060,5
2135,21,965,4
2136,25,2413,1
2137,54,479,4
2138,51,2248,5
2139,61,1393,3
2140,49,1496,2
2141,52,2765,5
2142,41,2461,5
2143,57,324,5
2144,36,1345,2
2145,37,2431,2
2146,47,422,5
2147,17,68,2
2148,5,780,3
2149,14,769,5
2150,25,2679,4
2151,41,2224,3
2152,6,731,5
2153,60,1515,4
2154,28,1101,5
2155,22,2238,4
2156,59,287,4
2157,12,862,5
2158,29,1446,5
2159,25,28,5
2160,25,1591,3
2161,12,1528,5
2162,59,2213,4
2163,34,125,4
2164,10,1834,4
2165,29,1462,4
2166,33,1402,5
2167,2,1557,5
2168,20,1102,4
2169,17,2186,4
2170,6,1874,3
2171,19,1283,4
2172,57,1940,3
2173,25,534,4
2174,16,296,4
2175,48,1570,5
2176,41,2031,5
2177,16,2215,4
2178,12,102,4
2179,36,2520,3
2180,12,1457,5
2181,59,1013,5
2182,42,2340,4
2183,12,780,5
2184,62,1999,4
2185,16,513,3
2186,33,1799,4
2187,36,2711,3
2188,57,1313,4
2189,8,2673,3
2190,37,1305,3
2191,46,2477,3
2192,27,2418,5
2193,48,315,4
2194,16,1028,4
2195,51,2332,4
2196,51,1309,4
2197,4,2451,3
2198,10,216,3
2199,25,1483,3
2200,11,962,4
2201,28,591,3
2202,46,595,5
2203,41,390,3
2204,52,1173,4
2205,42,630,3
2206,51,1144,3
2207,52,1557,4
2208,16,278,5
2209,12,221,3
2210,30,644,4
2211,12,2101,4
2212,1,1315,4
2213,1,1328,4
2214,57,2446,3
2215,55,250,4
2216,4,503,3
2217,1,1813,3
2218,4,1400,3
2219,25,2222,3
2220,16,1041,4
2221,43,172,3
2222,41,2759,5
2223,59,2711,3
2224,54,551,3
2225,59,1034,3
2226,27,707,3
2227,13,2284,5
2228,16,2073,3
2229,44,2419,5
2230,49,2774,1
2231,37,1428,3
2232,33,1712,5
2233,59,2563,4
2234,33,1157,5
2235,33,424,4
2236,54,577,4
2237,54,695,4
2238,27,1023,4
2239,27,2199,3
2240,24,2261,5
2241,25,311,5
2242,1,202,5
2243,61,853,3
2244,43,939,5
2245,4,345,2
2246,54,2120,4
2247,24,704,3
2248,33,2790,5
2249,10,56,4
2250,60,1439,2
2251,36,1807,3
2252,59,338,4
2253,12,387,4
2254,33,311,5
2255,6,1824,3
2256,29,679,4
2257,32,183,3
2258,57,2264,4
2259,12,377,5
2260,25,2579,5
2261,60,2800,4
2262,60,513,4
2263,61,1818,4
2264,60,122,4
2265,13,372,4
2266,26,2036,4
2267,0,1483,3
2268,59,1368,4
2269,56,2394,5
2270,12,238,4
2271,31,898,4
2272,59,1321,4
2273,12,482,5
2274,52,2795,4
2275,56,1559,4
2276,29,1104,4
2277,52,513,4
2278,37,1340,5
2279,31,794,4
2280,42,2722,3
2281,32,333,4
2282,30,1548,3
2283,4,2770,3
2284,60,2371,3
2285,52,1401,5
2286,62,586,4
2287,59,1062,4
2288,57,2718,4
2289,47,2083,2
2290,29,1881,3
2291,55,46,5
2292,33,2096,4
2293,46,919,5
2294,41,1780,3
2295,6,707,5
2296,9,2146,4
2297,36,2075,4
2298,41,1041,3
2299,33,2267,4
2300,37,630,4
2301,14,2785,2
2302,61,2073,3
2303,23,2456,4
2304,33,2481,5
2305,42,1852,4
2306,13,65,5
2307,33,263,5
2308,3,1170,4
2309,36,2180,4
2310,56,1294,4
2311,37,754,4
2312,41,133,4
2313,57,190,4
2314,37,1638,4
2315,61,1387,3
2316,0,965,2
2317,32,1243,5
2318,26,2682,5
2319,37,139,4
2320,61,2629,1
2321,59,1095,4
2322,16,1071,2
2323,46,1077,4
2324,16,2523,4
2325,58,2722,4
2326,27,1577,5
2327,30,546,4
2328,1,448,5
2329,41,567,3
2330,49,510,5
2331,10,528,4
2332,11,957,4
2333,11,1761,4
2334,37,1416,4
2335,55,2521,5
2336,37,693,4
2337,33,354,4
2338,10,80,4
2339,63,833,4
2340,26,2187,3
2341,10,839,4
2342,37,1020,3
2343,34,2413,3
2344,6,311,5
2345,8,2374,5
2346,29,1364,4
2347,42,2026,3
2348,12,589,5
2349,18,961,5
2350,51,1127,5
2351,48,33,4
2352,59,2680,3
2353,0,2537,4
2354,60,1214,1
2355,16,2805,4
2356,31,1133,3
2357,55,707,4
2358,4,1380,4
2359,61,1173,3
2360,14,2305,2
2361,61,1915,4
2362,0,2733,4
2363,49,533,5
2364,61,1241,4
2365,59,636,5
2366,52,1843,4
2367,33,720,4
2368,29,1677,5
2369,4,2748,5
2370,46,868,4
2371,46,2090,4
2372,31,795,3
2373,22,2011,3
2374,42,1885,4
2375,25,1574,1
2376,43,2260,5
2377,16,1116,4
2378,57,1618,4
2379,15,1664,5
2380,22,359,1
2381,2,213,4
2382,49,1093,5
2383,41,738,4
2384,31,2279,4
2385,0,2657,4
2386,46,336,5
2387,59,180,4
2388,38,2192,5
2389,39,2375,4
2390,57,1702,5
2391,37,1745,4
2392,59,431,4
2393,46,1941,5
2394,37,999,4
2395,16,33,4
2396,23,1382,4
2397,17,2298,3
2398,22,2111,4
2399,56,1777,4
2400,25,336,4
2401,10,142,5
2402,54,376,4
2403,29,1999,4
2404,36,2458,4
2405,48,2275,4
2406,46,749,3
2407,62,608,3
2408,15,2479,4
2409,41,143,5
2410,23,553,3
2411,14,3,1
2412,37,731,4
2413,57,2427,3
2414,42,764,3
2415,46,761,4
2416,3,1930,5
2417,61,1063,2
2418,55,2679,5
2419,52,510,4
2420,0,1627,5
2421,56,272,5
2422,23,593,3
2423,23,948,4
2424,41,2454,4
2425,63,2686,5
2426,15,2001,3
2427,59,1033,4
2428,20,234,5
2429,33,2743,4
2430,30,1296,4
2431,52,480,5
2432,24,806,3
2433,61,2386,2
2434,60,935,4
2435,57,1956,4
2436,37,2619,5
2437,16,2176,4
2438,34,2694,4
2439,54,1585,5
2440,46,1487,3
2441,57,908,2
2442,46,2380,3
2443,27,673,4
2444,15,954,4
2445,61,1767,3
2446,9,675,4
2447,37,1291,4
2448,61,1938,3
2449,16,1601,4
2450,37,355,4
2451,16,1175,4
2452,36,840,4
2453,41,1119,5
2454,10,311,5
2455,45,498,3
2456,27,2630,5
2457,31,1324,3
2458,27,1079,5
2459,37,2272,3
2460,12,298,3
2461,24,561,5
2462,10,2542,4
2463,22,1882,4
2464,31,1822,4
2465,52,411,3
2466,27,2206,5
2467,62,1565,4
2468,42,1708,3
2469,6,146,4
2470,41,2459,5
2471,37,2240,4
2472,12,2351,5
2473,37,213,3
2474,59,1912,3
2475,36,386,4
2476,3,469,4
2477,37,1108,3
2478,15,2304,4
2479,27,2542,4
2480,19,2000,3
2481,33,1936,5
2482,44,143,4
2483,47,2302,4
2484,57,880,4
2485,19,999,3
2486,17,727,1
2487,11,1346,4
2488,15,1712,4
2489,10,737,4
2490,29,1689,4
2491,12,645,4
2492,52,542,3
2493,52,2037,3
2494,35,837,5
2495,35,2104,4
2496,25,983,4
2497,18,213,3
2498,36,659,4
2499,36,2682,4
2500,37,458,4
2501,6,2326,5
2502,12,643,4
2503,19,1784,3
2504,38,1744,2
2505,37,1547,5
2506,7,576,4
2507,55,2265,3
2508,59,792,3
2509,55,2793,5
2510,51,257,4
2511,48,362,5
2512,27,2223,5
2513,18,1813,3
2514,54,1161,3
2515,48,905,5
2516,50,1491,3
2517,53,970,5
2518,12,1637,4
2519,25,2731,3
2520,4,2569,4
2521,31,813,4
2522,52,971,5
2523,32,90,1
2524,10,1203,5
2525,28,2793,2
2526,46,219,3
2527,10,1814,4
2528,60,2419,5
2529,48,1178,3
2530,5,2624,1
2531,12,351,4
2532,60,446,3
2533,45,2771,4
2534,28,1029,2
2535,11,2728,2
2536,52,1984,5
2537,2,2520,4
2538,13,1133,5
2539,27,2189,4
2540,33,1188,5
2541,29,2760,4
2542,41,1255,3
2543,38,198,5
2544,38,2065,3
2545,37,1753,2
2546,29,995,4
2547,54,1490,3
2548,36,635,3
2549,59,2748,5
2550,43,424,4
2551,41,1148,4
2552,7,1576,5
2553,31,1996,4
2554,31,1402,4
2555,1,1776,5
2556,8,911,5
2557,56,1256,5
2558,4,1084,5
2559,52,2088,4
2560,42,1795,4
2561,10,1290,5
2562,46,1282,5
2563,37,1074,4
2564,10,1239,4
2565,10,732,3
2566,10,610,4
2567,29,2123,3
2568,12,2450,5
2569,2,1245,1
2570,32,2717,2
2571,52,2104,4
2572,4,2297,3
2573,33,1947,4
2574,51,1340,1
2575,31,433,4
2576,7,2354,5
2577,57,1371,3
2578,48,1055,4
2579,25,1319,3
2580,33,737,4
2581,58,2629,1
2582,54,1438,5
2583,33,271,5
2584,10,2642,3
2585,54,330,4
2586,62,2496,4
2587,10,1343,4
2588,51,588,4
2589,59,853,4
2590,4,2506,3
2591,12,1544,4
2592,59,2299,3
2593,56,2773,5
2594,37,2032,3
2595,1,33,4
2596,29,1259,3
2597,27,589,5
2598,27,396,5
2599,34,814,4
2600,10,1226,4
2601,51,790,4
2602,14,593,3
2603,31,2301,3
2604,4,1112,3
2605,42,2570,2
2606,59,1345,3
2607,15,1467,3
2608,55,151,5
2609,42,980,5
2610,4,2075,4
2611,41,1062,3
2612,61,1055,4
2613,12,296,5
2614,8,1348,4
2615,37,2069,4
2616,33,311,5
2617,41,2720,4
2618,12,2236,5
2619,63,311,4
2620,24,2216,5
2621,10,2742,4
2622,23,2764,4
2623,20,1178,4
2624,22,1148,5
2625,16,1784,4
2626,54,1283,4
2627,36,1187,4
2628,12,1230,4
2629,38,2553,5
2630,22,2586,3
2631,37,2070,4
2632,10,465,4
2633,23,1691,3
2634,37,2774,2
2635,14,2755,4
2636,26,1625,5
2637,61,2104,4
2638,51,137,5
2639,16,619,5
2640,29,1845,4
2641,37,1457,4
2642,27,1651,5
2643,10,899,4
2644,47,2653,4
2645,11,2448,4
2646,10,339,5
2647,59,1181,4
2648,37,1624,3
2649,22,2102,5
2650,32,585,2
2651,37,1988,4
2652,11,311,4
2653,62,1936,4
2654,24,2587,4
2655,37,2232,4
2656,54,656,3
2657,46,1333,4
2658,57,1626,5
2659,25,677,4
2660,59,1759,4
2661,29,2239,4
2662,3,520,4
2663,43,784,4
2664,14,2627,4
2665,6,1707,2
2666,27,1064,5
2667,10,340,5
2668,59,808,4
2669,37,2215,2
2670,10,1777,2
2671,12,51,3
2672,59,2523,3
2673,26,1023,5
2674,10,2321,5
2675,28,610,4
2676,29,917,4
2677,5,485,1
2678,41,618,4
2679,27,1315,4
2680,4,849,5
2681,60,2000,3
2682,16,1798,4
2683,14,288,3
2684,4,1576,5
2685,8,1420,5
2686,36,423,4
2687,33,219,4
2688,45,1953,3
2689,2,2691,4
2690,61,932,4
2691,4,1386,4
2692,4,2116,4
2693,41,1142,4
2694,42,1817,3
2695,46,465,4
2696,28,517,4
2697,50,888,5
2698,60,1419,5
2699,37,1847,3
2700,54,1902,4
2701,8,1089,3
2702,26,1062,5
2703,31,2478,4
2704,16,126,5
2705,32,336,4
2706,33,2309,4
2707,36,1617,3
2708,28,1805,4
2709,28,2146,4
2710,11,2104,3
2711,41,229,5
2712,48,257,4
2713,54,2252,3
2714,12,120,4
2715,56,1834,4
2716,46,964,5
2717,23,1219,5
2718,36,1878,4
2719,55,1627,3
2720,4,2595,4
2721,59,1120,4
2722,52,1426,4
2723,54,802,4
2724,41,397,4
2725,42,1942,4
2726,37,2515,4
2727,57,1587,3
2728,51,1491,3
2729,0,1005,4
2730,48,1411,3
2731,57,930,5
2732,41,2711,5
2733,57,35,3
2734,26,742,3
2735,10,2482,4
2736,52,1210,3
2737,32,523,4
2738,37,1005,4
2739,54,803,3
2740,26,938,5
2741,37,256,4
2742,32,2513,2
2743,37,2021,4
2744,27,2587,5
2745,10,1059,4
2746,37,1070,4
2747,29,545,3
2748,46,1157,5
2749,49,2447,5
2750,25,496,3
2751,37,1273,4
2752,33,310,4
2753,61,1724,4
2754,4,1984,4
2755,48,237,4
2756,16,1249,4
2757,52,740,3
2758,63,931,4
2759,47,2302,4
2760,37,2474,4
2761,21,965,4
2762,31,1113,5
2763,12,956,2
2764,24,431,5
2765,22,903,3
2766,16,1397,1
2767,32,1296,5
2768,29,28,4
2769,0,853,2
2770,41,973,4
2771,32,1666,5
2772,60,963,5
2773,0,1603,4
2774,4,1994,5
2775,25,1459,3
2776,24,2586,5
2777,11,119,2
2778,12,951,4
2779,55,240,4
2780,3,803,4
2781,43,1353,5
2782,36,2130,3
2783,29,2342,5
2784,57,2640,3
2785,41,2075,4
2786,24,2028,4
2787,32,2720,1
2788,37,1810,4
2789,32,1340,1
2790,1,2504,4
2791,29,2405,4
2792,21,1004,3
2793,36,1959,3
2794,53,1096,5
2795,15,2767,5
2796,23,1297,4
2797,38,625,4
2798,37,909,4
2799,21,1374,5
2800,61,235,5
2801,2,355,4
2802,22,498,2
2803,24,1009,4
2804,55,1715,3
2805,48,1654,5
2806,61,846,4
2807,12,831,3
2808,36,58,2
2809,36,404,2
2810,6,997,3
2811,42,72,4
2812,4,1994,4
2813,47,1406,4
2814,52,296,5
2815,54,862,5
2816,37,2304,3
2817,37,2295,3
2818,41,2221,2
2819,2,1952,1
2820,16,2075,4
2821,9,2243,5
2822,7,683,2
2823,12,2713,5
2824,22,984,2
2825,38,931,3
2826,23,1345,4
2827,23,865,4
2828,41,2157,4
2829,11,2420,4
2830,12,2102,4
2831,44,1739,4
2832,59,487,4
2833,33,2056,4
2834,4,1222,3
2835,37,1511,4
2836,15,611,5
2837,42,1475,3
2838,34,2148,1
2839,25,56,3
2840,11,1596,4
2841,29,1883,5
2842,47,2409,2
2843,12,54,4
2844,36,487,4
2845,30,2028,4
2846,48,2386,5
2847,45,333,4
2848,33,1493,5
2849,12,2701,1
2850,62,1155,5
2851,10,2192,4
2852,37,653,4
2853,27,2749,4
2854,55,1059,5
2855,30,536,4
2856,37,2216,4
2857,11,499,4
2858,57,2514,4
2859,12,89,4
2860,30,1055,4
2861,31,2404,4
2862,12,1132,3
2863,29,1877,5
2864,57,383,4
2865,19,643,5
2866,29,2405,3
2867,63,1202,4
2868,23,1357,4
2869,14,2605,3
2870,4,1009,3
2871,46,2613,5
2872,37,1644,4
2873,16,1230,5
2874,28,472,4
2875,5,860,2
2876,4,13,3
2877,32,148,5
2878,55,2793,5
2879,25,2081,3
2880,4,860,3
2881,42,483,4
2882,34,2467,4
2883,55,431,5
2884,24,536,4
2885,41,1078,4
2886,42,1548,4
2887,6,295,5
2888,12,1236,4
2889,7,2700,1
2890,63,1713,5
2891,37,1612,4
2892,48,2256,4
2893,10,2289,4
2894,33,733,5
2895,42,2028,3
2896,41,235,2
2897,20,1241,5
2898,46,2,5
2899,48,856,4
2900,54,1682,2
2901,4,2424,4
2902,33,919,4
2903,42,72,5
2904,10,457,4
2905,42,1506,4
2906,0,1205,3
2907,1,920,5
2908,41,1253,2
2909,34,1193,3
2910,4,2073,5
2911,59,121,4
2912,31,1303,4
2913,37,1361,4
2914,9,2325,4
2915,6,496,3
2916,55,2793,5
2917,42,456,3
2918,16,636,4
2919,26,1640,4
2920,10,1517,4
2921,14,1922,3
2922,17,1009,4
2923,51,1484,5
2924,12,1457,3
2925,38,179,3
2926,26,1116,4
2927,36,2232,3
2928,36,1181,4
2929,25,1787,3
2930,2,2373,2
2931,53,2535,5
2932,22,2636,3
2933,27,547,4
2934,0,573,5
2935,57,660,5
2936,37,435,5
2937,55,620,5
2938,17,1570,3
2939,61,2571,5
2940,9,990,4
2941,4,2624,4
2942,29,1265,4
2943,10,1498,4
2944,40,31,5
2945,55,2729,4
2946,31,1325,4
2947,25,1147,4
2948,21,2461,5
2949,41,1430,2
2950,14,1852,4
2951,20,2621,3
2952,33,611,3
2953,60,1439,4
2954,33,1687,4
2955,59,2506,3
2956,4,1454,3
2957,23,1316,3
2958,33,857,4
2959,54,2011,4
2960,61,1430,4
2961,4,355,5
2962,59,734,4
2963,30,2656,2
2964,12,235,4
2965,28,2618,5
2966,37,985,5
2967,42,1896,4
2968,10,1306,3
2969,57,1408,4
2970,27,867,3
2971,20,2524,3
2972,14,118,4
2973,62,2699,5
2974,18,2151,5
2975,25,2291,4
2976,1,1904,4
2977,62,2687,4
2978,52,1676,3
2979,56,1250,4
2980,11,78,5
2981,56,2035,4
2982,46,453,5
2983,37,2389,3
2984,10,1665,4
2985,14,1369,4
2986,21,2420,5
2987,41,514,4
2988,30,2036,3
2989,27,941,3
2990,25,1343,4
2991,16,4,5
2992,52,643,4
2993,52,2505,4
2994,24,2748,4
2995,25,80,1
2996,20,1811,4
2997,57,1394,4
2998,4,1439,3
2999,33,2686,4
3000,12,470,3
3001,60,1158,3
3002,33,1239,5
3003,61,1801,4
3004,3,1478,1
3005,4,1284,4
3006,46,1671,4
3007,33,1536,4
3008,29,562,4
3009,13,843,3
3010,4,2799,5
3011,41,2356,4
3012,56,1053,4
3013,4,308,4
3014,16,121,3
3015,16,2014,5
3016,40,2236,2
3017,40,2498,4
3018,55,515,5
3019,19,764,3
3020,55,149,3
3021,52,2619,5
3022,62,2732,4
3023,4,1922,5
3024,36,1273,3
3025,27,2617,4
3026,31,2651,4
3027,31,162,4
3028,37,300,4
3029,25,939,3
3030,27,1256,5
3031,33,7,5
3032,63,1621,5
3033,12,2577,4
3034,12,1967,4
3035,16,1798,5
3036,59,2305,2
3037,48,585,5
3038,16,780,5
3039,29,1,4
3040,43,634,3
3041,24,865,3
3042,14,377,4
3043,4,2340,4
3044,56,109,5
3045,58,1654,5
3046,61,2805,4
3047,7,854,4
3048,52,1451,4
3049,52,120,4
3050,28,788,4
3051,25,78,3
3052,37,389,4
3053,16,1003,4
3054,33,2698,4
3055,42,902,3
3056,36,523,4
3057,46,1749,4
3058,17,1430,2
3059,29,2494,4
3060,26,296,4
3061,16,355,4
3062,23,296,4
3063,12,1177,1
3064,10,1269,4
3065,25,2413,4
3066,32,1798,5
3067,59,551,3
3068,47,2621,2
3069,26,1242,4
3070,52,535,5
3071,10,616,4
3072,8,2478,4
3073,50,2200,4
3074,50,1576,4
3075,41,205,4
3076,34,2164,4
3077,33,41,4
3078,25,250,4
3079,58,1998,4
3080,19,2473,4
3081,61,2340,1
3082,23,1576,4
3083,10,1805,3
3084,29,2405,4
3085,48,1468,3
3086,1,1647,4
3087,46,1537,5
3088,30,596,2
3089,4,1966,4
3090,12,422,4
3091,36,2759,5
3092,54,355,4
3093,52,956,4
3094,4,644,5
3095,57,1639,5
3096,25,110,3
3097,10,2164,4
3098,47,525,4
3099,25,931,3
3100,31,1833,3
3101,24,1344,5
3102,54,2078,3
3103,57,2751,4
3104,13,1824,4
3105,59,503,4
3106,2,2011,4
3107,19,1946,3
3108,60,730,5
3109,24,2768,5
3110,33,2544,5
3111,26,389,2
3112,25,2676,4
3113,33,939,5
3114,12,1489,4
3115,27,1455,4
3116,61,1177,2
3117,32,348,5
3118,3,347,2
3119,62,2575,4
3120,54,1057,2
3121,59,2194,4
3122,41,1424,4
3123,46,418,5
3124,46,562,4
3125,10,2173,4
3126,63,1768,5
3127,41,1729,4
3128,41,2150,4
3129,59,1557,4
3130,12,376,4
3131,20,1887,4
3132,23,1085,5
3133,23,1316,4
3134,29,2201,5
3135,57,1180,4
3136,37,915,4
3137,25,142,4
3138,60,1034,3
3139,36,1686,5
3140,12,873,3
3141,16,1562,3
3142,33,2687,4
3143,23,358,4
3144,39,1511,5
3145,59,923,5
3146,57,1763,4
3147,7,614,3
3148,3,1120,5
3149,29,2167,4
3150,15,1220,4
3151,14,2406,4
3152,42,2762,4
3153,14,553,5
3154,24,137,4
3155,46,1231,2
3156,29,798,4
3157,11,2318,4
3158,28,939,4
3159,50,2028,5
3160,1,432,4
3161,28,412,3
3162,22,5,4
3163,56,500,5
3164,37,2779,4
3165,14,45,4
3166,52,36,4
3167,17,2529,5
3168,22,840,4
3169,37,1,4
3170,60,1739,4
3171,41,513,4
3172,61,542,4
3173,13,158,5
3174,31,1900,4
3175,36,2303,4
3176,22,643,3
3177,14,120,3
3178,18,1270,3
3179,59,837,3
3180,45,1692,2
3181,25,1029,5
3182,12,1173,3
3183,34,1056,4
3184,62,1094,4
3185,7,1861,5
3186,13,1266,3
3187,36,1057,3
3188,47,766,4
3189,1,2586,4
3190,4,2586,5
3191,36,1829,4
3192,46,2741,3
3193,16,1287,3
3194,23,905,4
3195,31,1730,4
3196,12,2115,4
3197,62,1982,4
3198,41,1912,2
3199,37,1777,3
3200,41,956,5
3201,60,1570,5
3202,16,105,5
3203,59,2436,4
3204,23,1156,4
3205,57,878,4
3206,12,2591,4
3207,42,2762,3
3208,41,33,5
3209,7,617,5
3210,18,1576,5
3211,25,1871,3
3212,57,942,4
3213,12,609,3
3214,61,2428,3
3215,3,1159,4
3216,12,2762,4
3217,59,872,3
3218,10,2553,5
3219,47,1802,3
3220,41,1177,4
3221,30,1000,3
3222,3,532,5
3223,51,2023,5
3224,29,2491,4
3225,6,2757,5
3226,10,931,4
3227,12,1035,1
3228,41,643,3
3229,62,1423,4
3230,29,2731,4
3231,61,108,4
3232,57,1068,4
3233,28,1186,5
3234,12,2398,4
3235,41,306,2
3236,62,369,4
3237,23,549,5
3238,55,1103,2
3239,61,401,4
3240,54,1430,3
3241,61,1271,4
3242,23,916,4
3243,51,2441,3
3244,55,147,3
3245,59,1994,4
3246,59,1597,3
3247,39,543,4
3248,37,60,4
3249,7,376,3
3250,25,336,5
3251,6,339,3
3252,26,2256,5
3253,10,2408,3
3254,41,2546,3
3255,12,494,4
3256,57,1017,3
3257,31,2291,3
3258,33,1409,5
3259,15,1963,4
3260,16,1501,3
3261,27,435,4
3262,33,962,4
3263,54,1411,4
3264,40,704,5
3265,48,292,4
3266,22,33,5
3267,46,2076,4
3268,0,2176,4
3269,4,589,4
3270,1,1281,5
3271,28,1932,5
3272,54,399,4
3273,28,2742,4
3274,27,230,5
3275,27,253,2
3276,31,2258,4
3277,60,959,3
3278,41,2382,4
3279,47,1439,4
3280,30,241,4
3281,55,2069,4
3282,33,2192,4
3283,14,909,4
3284,54,244,5
3285,33,794,5
3286,14,959,5
3287,2,1215,3
3288,62,147,5
3289,25,86,3
3290,7,427,1
3291,26,2700,5
3292,33,110,5
3293,63,492,5
3294,55,2338,4
3295,62,400,4
3296,37,109,3
3297,29,2740,4
3298,7,466,4
3299,14,1567,4
3300,22,1896,4
3301,29,443,1
3302,37,1232,4
3303,46,1383,2
3304,57,946,3
3305,27,2791,4
3306,12,2547,3
3307,20,1079,4
3308,60,1165,4
3309,29,1091,3
3310,37,223,2
3311,29,1983,4
3312,26,2142,5
3313,62,264,2
3314,4,1610,4
3315,60,2349,4
3316,24,1275,5
3317,1,927,3
3318,55,2549,5
3319,38,1012,5
3320,12,772,2
3321,47,1994,4
3322,8,2703,3
3323,36,1414,4
3324,61,1175,5
3325,31,309,2
3326,4,1544,3
3327,4,432,4
3328,61,514,4
3329,17,1751,2
3330,2,121,4
3331,17,1386,3
3332,62,1699,4
3333,19,1470,4
3334,25,606,3
3335,10,110,4
3336,12,1035,3
3337,5,557,5
3338,62,1725,4
3339,47,2491,5
3340,53,243,5
3341,24,77,1
3342,41,2520,2
3343,36,1050,4
3344,19,2286,4
3345,33,2180,4
3346,2,1185,3
3347,41,2273,4
3348,26,2037,4
3349,8,2056,3
3350,0,1711,5
3351,54,415,3
3352,47,918,5
3353,33,866,4
3354,32,408,1
3355,60,77,3
3356,38,198,5
3357,36,2406,4
3358,17,817,5
3359,12,2354,3
3360,34,170,4
3361,29,468,4
3362,42,1395,4
3363,10,845,4
3364,41,1529,2
3365,0,374,3
3366,52,417,4
3367,21,2048,5
3368,62,732,5
3369,13,2793,3
3370,26,1379,3
3371,24,886,4
3372,8,339,4
3373,12,358,5
3374,20,993,4
3375,4,2299,3
3376,44,2326,4
3377,25,336,4
3378,50,73,5
3379,30,2236,4
3380,37,219,3
3381,54,686,3
3382,14,1978,4
3383,48,1404,3
3384,53,796,5
3385,41,2009,4
3386,12,377,4
3387,2,480,4
3388,58,2007,4
3389,12,2720,3
3390,4,1830,4
3391,16,1453,4
3392,25,2300,4
3393,27,2549,4
3394,31,1463,4
3395,37,2507,4
3396,36,1632,5
3397,3,1924,3
3398,33,53,5
3399,10,2772,3
3400,33,2125,5
3401,6,833,4
3402,48,2475,4
3403,50,387,5
3404,48,1171,4
3405,51,678,3
3406,60,963,5
3407,28,1366,2
3408,55,1183,4
3409,44,1836,5
3410,33,2642,4
3411,12,905,3
3412,36,1576,4
3413,61,1382,4
3414,1,270,3
3415,4,296,4
3416,37,580,3
3417,27,430,3
3418,33,2602,3
3419,27,1161,4
3420,36,5,4
3421,0,2536,4
3422,8,2758,5
3423,50,2011,4
3424,33,2624,4
3425,61,735,4
3426,25,750,3
3427,49,1301,5
3428,33,1690,3
3429,25,250,3
3430,10,2751,4
3431,5,1502,2
3432,57,2559,5
3433,42,2033,5
3434,36,2303,3
3435,7,355,4
3436,29,2045,2
3437,29,2600,4
3438,27,2666,4
3439,25,2230,3
3440,56,166,3
3441,48,982,4
3442,57,442,3
3443,10,24,5
3444,37,2531,4
3445,53,2449,4
3446,16,1488,4
3447,54,831,2
3448,36,2373,3
3449,36,152,4
3450,0,1903,5
3451,59,1576,5
3452,5,735,4
3453,10,1608,3
3454,52,1219,5
3455,60,2441,4
3456,29,1879,4
3457,33,1965,5
3458,37,1496,4
3459,25,2603,3
3460,25,462,4
3461,59,1399,4
3462,48,2529,5
3463,29,868,2
3464,37,1699,4
3465,41,987,4
3466,42,1931,3
3467,25,2670,4
3468,31,2543,4
3469,22,516,5
3470,12,1149,3
3471,44,2570,4
3472,59,1792,3
3473,33,2067,4
3474,20,2800,4
3475,8,1698,5
3476,36,743,4
3477,55,2757,5
3478,6,2737,5
3479,6,1627,2
3480,29,2393,5
3481,37,1625,4
3482,16,819,3
3483,59,2621,4
3484,10,2320,5
3485,59,2176,5
3486,26,1197,4
3487,49,2361,1
3488,4,1241,4
3489,37,1453,3
3490,58,2675,3
3491,34,965,4
3492,25,1226,5
3493,33,610,4
3494,36,2105,4
3495,24,1842,4
3496,51,1245,4
3497,37,914,4
3498,41,498,3
3499,60,2805,4
3500,33,2553,4
3501,42,436,4
3502,60,2120,5
3503,10,2321,5
3504,4,1349,3
3505,59,1585,4
3506,38,517,4
3507,25,2103,3
3508,40,1173,4
3509,21,78,3
3510,9,2099,1
3511,33,2288,4
3512,63,2642,5
3513,46,2486,4
3514,14,1050,4
3515,16,1411,3
3516,6,1149,4
3517,20,1957,4
3518,46,1448,5
3519,10,586,4
3520,33,1101,5
3521,57,1114,4
3522,29,61,5
3523,37,808,3
3524,34,1250,4
3525,37,2592,4
3526,5,1802,3
3527,50,2009,5
3528,55,139,5
3529,6,1757,5
3530,46,2784,3
3531,11,1471,4
3532,62,1199,4
3533,12,2755,5
3534,61,1775,3
3535,41,2707,3
3536,57,1977,3
3537,60,1055,4
3538,4,920,4
3539,42,1912,3
3540,47,2506,4
3541,25,2081,3
3542,22,2256,5
3543,41,1138,4
3544,25,268,4
3545,61,331,3
3546,37,1116,4
3547,37,1533,4
3548,24,1026,5
3549,2,1028,4
3550,11,2393,5
3551,31,2533,3
3552,62,2754,3
3553,41,2037,4
3554,10,675,4
3555,61,355,3
3556,63,364,5
3557,4,678,3
3558,54,1581,3
3559,14,448,5
3560,60,536,4
3561,23,1138,3
3562,59,2183,4
3563,3,2798,4
3564,40,2248,4
3565,27,1254,5
3566,61,1110,4
3567,4,649,3
3568,12,1651,5
3569,61,671,3
3570,1,2011,3
3571,1,2769,3
3572,8,125,4
3573,49,1798,1
3574,47,738,5
3575,23,676,4
3576,29,2425,5
3577,60,1158,3
3578,32,556,4
3579,46,1826,4
3580,16,470,3
3581,36,1780,3
3582,25,931,3
3583,25,1757,5
3584,29,1436,3
3585,51,1079,5
3586,0,2343,4
3587,46,492,5
3588,33,2132,5
3589,7,2088,5
3590,25,2208,3
3591,41,521,3
3592,41,544,3
3593,38,2065,5
3594,37,793,4
3595,42,137,4
3596,6,2679,5
3597,51,1813,5
3598,29,2291,4
3599,3,1213,2
3600,58,1073,4
3601,62,109,4
3602,37,793,4
3603,30,1960,3
3604,61,1357,3
3605,33,53,5
3606,42,422,5
3607,59,617,4
3608,45,1354,2
3609,9,964,3
3610,38,745,5
3611,61,1148,4
3612,51,1701,5
3613,38,2659,5
3614,25,194,3
3615,46,451,5
3616,15,339,4
3617,51,33,5
3618,25,2013,5
3619,59,1073,5
3620,26,1229,4
3621,22,1515,5
3622,9,2229,5
3623,47,1169,4
3624,10,2077,5
3625,28,2318,4
3626,58,2666,5
3627,55,496,4
3628,44,1485,4
3629,54,120,3
3630,54,255,3
3631,42,118,3
3632,33,2617,4
3633,3,1076,4
3634,11,1877,4
3635,12,2739,4
3636,59,1142,3
3637,30,1697,5
3638,20,1896,4
3639,6,1309,5
3640,37,195,5
3641,2,1062,4
3642,60,2550,4
3643,12,2006,2
3644,47,1076,3
3645,14,1441,4
3646,26,2253,5
3647,54,1199,3
3648,54,2748,5
3649,54,330,4
3650,52,1716,4
3651,52,2456,4
3652,31,2593,3
3653,59,228,3
3654,41,2753,5
3655,14,2586,5
3656,11,583,5
3657,32,618,2
3658,60,2710,3
3659,32,1274,4
3660,25,24,4
3661,42,27,4
3662,16,837,5
3663,12,1825,4
3664,12,828,4
3665,37,1635,3
3666,28,424,3
3667,14,235,4
3668,28,1992,5
3669,23,2586,4
3670,20,2080,3
3671,42,1050,2
3672,62,1761,3
3673,37,746,5
3674,29,641,4
3675,28,2132,4
3676,37,395,4
3677,14,872,3
3678,52,2167,3
3679,4,2609,4
3680,28,1541,4
3681,15,506,3
3682,21,2541,3
3683,7,1085,5
3684,52,2650,3
3685,27,448,4
3686,14,535,4
3687,36,279,4
3688,12,1688,4
3689,42,1400,4
3690,59,448,5
3691,48,1756,4
3692,57,2209,3
3693,16,1397,1
3694,57,291,4
3695,41,806,4
3696,10,632,3
3697,28,2525,2
3698,31,1524,4
3699,59,1041,4
3700,46,363,4
3701,6,1857,5
3702,47,1079,4
3703,12,1576,4
3704,10,2553,5
3705,41,1219,5
3706,29,715,4
3707,49,693,3
3708,25,1633,4
3709,43,741,5
3710,59,2400,2
3711,33,641,4
3712,30,2805,4
3713,27,1526,5
3714,59,135,3
3715,10,2319,5
3716,38,1226,5
3717,6,647,4
3718,37,2428,3
3719,59,148,3
3720,43,1398,4
3721,40,1850,4
3722,23,1688,3
3723,61,837,4
3724,12,2690,4
3725,57,2599,3
3726,32,1331,4
3727,62,1211,4
3728,12,1994,4
3729,26,1382,5
3730,41,1031,5
3731,57,2672,4
3732,29,1704,3
3733,22,1597,3
3734,33,435,4
3735,57,2272,4
3736,31,1448,3
3737,53,2249,5
3738,3,944,1
3739,37,2360,4
3740,57,2203,4
3741,59,812,3
3742,24,1490,4
3743,53,294,5
3744,38,1202,5
3745,4,1482,5
3746,16,280,5
3747,59,1609,3
3748,60,1165,4
3749,8,1083,3
3750,61,431,4
3751,20,1154,4
3752,15,198,4
3753,47,577,4
3754,59,766,4
3755,47,1994,3
3756,61,955,3
3757,25,2699,4
3758,60,89,5
3759,53,125,3
3760,46,2126,5
3761,41,1382,4
3762,33,1805,4
3763,31,185,3
3764,62,1889,4
3765,20,735,4
3766,59,1099,4
3767,54,2623,3
3768,37,311,4
3769,58,2789,4
3770,4,1417,5
3771,30,2280,4
3772,20,11,1
3773,56,2773,5
3774,32,522,5
3775,41,2068,4
3776,29,799,4
3777,55,2699,4
3778,54,1277,3
3779,37,611,4
3780,26,615,5
3781,24,980,5
3782,16,1439,5
3783,41,1084,5
3784,24,2187,2
3785,41,1654,5
3786,27,2039,4
3787,57,928,3
3788,49,2024,5
3789,28,2177,5
3790,33,199,5
3791,37,1096,4
3792,37,204,3
3793,52,1756,5
3794,55,2082,5
3795,26,1451,4
3796,19,1873,3
3797,6,2549,4
3798,12,2586,3
3799,14,988,4
3800,13,1359,5
3801,14,676,5
3802,29,503,5
3803,58,241,5
3804,1,246,2
3805,12,2256,4
3806,15,1760,5
3807,46,1096,3
3808,57,131,4
3809,43,125,4
3810,46,457,4
3811,23,1807,5
3812,16,853,4
3813,56,1471,2
3814,41,2419,5
3815,33,1721,4
3816,59,1509,3
3817,48,945,2
3818,10,109,3
3819,4,1422,5
3820,41,558,5
3821,2,2771,4
3822,51,1739,5
3823,56,2662,5
3824,19,1369,5
3825,36,755,5
3826,56,1225,3
3827,13,2022,4
3828,23,2759,5
3829,33,1330,4
3830,30,2691,4
3831,37,1000,5
3832,55,934,2
3833,29,1865,4
3834,0,624,4
3835,39,2326,4
3836,14,9,2
3837,12,1976,5
3838,27,671,4
3839,1,1872,3
3840,10,82,4
3841,48,1658,4
3842,14,1701,4
3843,59,234,4
3844,48,1039,4
3845,31,997,4
3846,54,615,5
3847,37,1019,4
3848,10,261,3
3849,10,2082,4
3850,29,835,4
3851,28,146,5
3852,10,709,3
3853,11,372,4
3854,1,740,2
3855,42,657,4
3856,42,790,3
3857,62,776,4
3858,33,1459,4
3859,51,260,5
3860,30,1931,4
3861,7,377,1
3862,33,1463,4
3863,57,2573,4
3864,8,2611,3
3865,38,198,5
3866,48,1295,3
3867,62,771,4
3868,29,626,3
3869,7,2037,4
3870,61,1476,5
3871,62,566,3
3872,24,448,4
3873,10,1783,4
3874,16,1321,4
3875,10,2269,4
3876,24,553,5
3877,36,252,4
3878,11,871,5
3879,36,1595,3
3880,14,532,5
3881,58,1655,5
3882,13,600,5
3883,12,577,3
3884,25,1673,2
3885,62,2233,3
3886,25,350,5
3887,51,1154,4
3888,60,2461,4
3889,7,81,4
3890,12,1247,4
3891,26,800,3
3892,10,587,4
3893,32,471,5
3894,29,2257,3
3895,59,1491,5
3896,14,2789,5
3897,61,1135,3
3898,49,2565,5
3899,3,1733,2
3900,48,891,4
3901,55,339,4
3902,36,1189,4
3903,4,2506,4
3904,12,2797,3
3905,16,1160,5
3906,25,720,4
3907,3,2367,5
3908,32,2061,2
3909,52,404,5
3910,41,791,3
3911,25,1687,3
3912,61,1476,2
3913,52,1875,5
3914,39,2118,5
3915,22,574,3
3916,37,1041,4
3917,61,685,4
3918,10,663,4
3919,16,718,4
3920,37,2786,4
3921,24,980,5
3922,11,142,4
3923,33,2681,2
3924,48,2238,5
3925,12,1873,3
3926,36,1696,4
3927,18,422,4
3928,37,2748,4
3929,42,806,2
3930,58,1910,4
3931,45,853,4
3932,59,1925,5
3933,59,2276,4
3934,41,426,3
3935,27,1135,5
3936,16,621,1
3937,59,1779,3
3938,21,319,3
3939,31,1418,4
3940,31,1016,3
3941,54,1212,5
3942,39,1309,4
3943,6,1300,5
3944,7,1337,4
3945,13,1880,4
3946,20,1597,2
3947,34,1823,3
3948,55,2025,5
3949,37,2637,4
3950,27,611,4
3951,12,2223,4
3952,52,734,4
3953,29,2803,5
3954,22,2547,4
3955,25,2300,3
3956,17,1295,3
3957,12,782,3
3958,4,2310,4
3959,29,441,2
3960,15,1047,4
3961,61,377,5
3962,52,9,1
3963,23,2231,4
3964,28,699,4
3965,11,857,4
3966,62,530,4
3967,41,1952,3
3968,33,110,5
3969,29,713,4
3970,11,382,4
3971,49,1538,1
3972,25,2613,4
3973,16,1921,3
3974,48,2627,3
3975,59,2011,3
3976,48,1858,4
3977,44,1876,5
3978,55,560,3
3979,33,2430,5
3980,54,738,4
3981,46,1425,4
3982,36,2697,4
3983,54,1784,3
3984,33,1498,4
3985,58,896,5
3986,10,2082,3
3987,47,585,5
3988,27,1773,5
3989,49,33,5
3990,16,2080,5
3991,33,2161,3
3992,2,2792,4
3993,41,1161,2
3994,25,2579,3
3995,57,1535,4
3996,37,893,3
3997,11,774,2
3998,29,2350,4
3999,12,592,4
4000,63,1498,4
4001,37,911,5
4002,19,1166,3
4003,37,2677,4
4004,27,118,4
4005,11,1740,2
4006,10,2695,4
4007,8,155,3
4008,10,199,4
4009,41,669,4
4010,33,1757,5
4011,57,420,3
4012,52,535,4
4013,6,1420,5
4014,57,1752,5
4015,37,2791,4
4016,12,1579,5
4017,22,628,4
4018,4,1137,5
4019,10,2013,5
4020,16,2451,4
4021,12,823,4
4022,33,433,5
4023,10,320,5
4024,16,1435,4
4025,52,2313,3
4026,46,1374,4
4027,46,931,5
4028,29,675,4
4029,35,1959,4
4030,27,24,5
4031,6,2136,2
4032,23,2562,4
4033,19,2755,2
4034,0,2328,3
4035,55,2679,5
4036,37,920,5
4037,47,54,4
4038,10,216,4
4039,14,1050,3
4040,55,2793,5
4041,55,1533,4
4042,54,2400,4
4043,26,2700,3
4044,16,356,4
4045,2,1946,4
4046,0,586,3
4047,35,1957,4
4048,29,398,5
4049,27,1739,5
4050,41,1658,5
4051,37,2038,3
4052,37,1458,4
4053,1,1650,4
4054,28,1235,5
4055,6,240,3
4056,37,349,4
4057,29,1914,4
4058,29,39,3
4059,27,1224,4
4060,37,2783,4
4061,37,1225,3
4062,12,1449,4
4063,52,671,4
4064,4,1194,4
4065,25,1768,4
4066,2,1297,3
4067,14,1150,4
4068,52,1108,4
4069,12,1701,5
4070,11,181,4
4071,22,1907,4
4072,25,310,2
4073,12,1489,4
4074,33,1525,5
4075,19,2199,3
4076,58,2516,3
4077,37,1627,4
4078,20,2401,4
4079,43,2067,4
4080,50,137,4
4081,2,2701,2
4082,14,865,2
4083,54,2232,4
4084,26,389,3
4085,12,229,5
4086,27,1690,4
4087,23,2254,3
4088,8,564,4
4089,20,2236,4
4090,25,1899,4
4091,41,1040,4
4092,37,2057,4
4093,42,1057,4
4094,41,862,4
4095,25,1343,4
4096,41,706,5
4097,27,603,5
4098,12,2176,3
4099,11,1900,5
4100,33,2435,5
4101,41,1230,3
4102,6,2415,4
4103,16,1745,3
4104,50,2747,1
4105,43,2311,5
4106,23,1221,4
4107,44,1741,3
4108,26,639,5
4109,17,2241,5
4110,31,145,3
4111,23,1315,4
4112,4,523,5
4113,37,2121,3
4114,36,1676,2
4115,49,1364,5
4116,59,325,3
4117,16,1062,5
4118,27,120,4
4119,33,1916,4
4120,57,1626,5
4121,41,2419,4
4122,55,2780,4
4123,10,2029,4
4124,54,672,2
4125,29,226,4
4126,57,2480,4
4127,46,2218,3
4128,12,920,4
4129,36,428,3
4130,32,1637,3
4131,23,360,4
4132,51,2503,4
4133,47,1145,5
4134,10,1757,4
4135,33,1111,4
4136,12,589,4
4137,57,1520,3
4138,20,1161,2
4139,55,394,4
4140,33,2544,5
4141,31,1319,5
4142,22,2624,4
4143,41,1624,3
4144,46,334,4
4145,2,389,4
4146,36,2412,5
4147,43,1332,1
4148,12,2755,5
4149,44,1836,5
4150,4,2505,3
4151,11,2678,5
4152,61,993,2
4153,1,589,4
4154,59,138,4
4155,4,2039,5
4156,35,36,3
4157,25,1638,4
4158,6,40,3
4159,33,1512,5
4160,25,675,4
4161,4,2000,4
4162,29,2005,4
4163,54,377,4
4164,33,2087,5
4165,8,1536,5
4166,3,1622,5
4167,37,1210,1
4168,48,705,5
4169,14,1636,3
4170,30,248,3
4171,21,805,3
4172,11,159,4
4173,37,2545,5
4174,42,2014,2
4175,34,2556,4
4176,10,610,5
4177,0,611,4
4178,20,1492,5
4179,0,2484,3
4180,11,2314,2
4181,44,1885,5
4182,31,2478,3
4183,4,1273,3
4184,1,1701,4
4185,34,2796,4
4186,52,2682,4
4187,0,24,5
4188,4,2322,4
4189,8,239,2
4190,61,478,3
4191,25,2699,3
4192,37,1871,2
4193,41,491,5
4194,36,1331,3
4195,54,111,4
4196,26,1694,4
4197,61,1296,5
4198,11,1147,4
4199,29,1377,4
4200,36,2102,5
4201,31,1660,4
4202,3,2459,4
4203,37,1515,4
4204,26,992,5
4205,22,2180,3
4206,10,2642,4
4207,48,333,5
4208,47,1616,5
4209,27,1558,5
4210,12,486,3
4211,52,1400,5
4212,0,2527,5
4213,33,1123,4
4214,29,882,4
4215,59,284,3
4216,6,2635,5
4217,33,2533,3
4218,33,1117,5
4219,61,1962,4
4220,31,2369,5
4221,37,734,5
4222,6,2082,4
4223,51,2332,4
4224,16,227,4
4225,55,827,3
4226,25,1448,4
4227,36,503,3
4228,10,668,3
4229,54,2256,3
4230,30,1884,3
4231,45,2112,5
4232,61,144,3
4233,12,1438,3
4234,10,2741,4
4235,19,31,4
4236,12,2387,5
4237,58,1576,5
4238,10,151,4
4239,12,1489,3
4240,20,298,4
4241,37,1442,4
4242,25,2285,3
4243,55,78,4
4244,62,642,5
4245,12,706,4
4246,59,951,4
4247,55,1772,4
4248,33,1668,4
4249,10,1868,4
4250,52,1501,4
4251,10,2335,4
4252,11,825,5
4253,56,581,3
4254,48,2098,5
4255,32,104,4
4256,13,2686,4
4257,39,2399,2
4258,13,2549,4
4259,61,2547,3
4260,54,701,3
4261,46,1689,3
4262,25,1808,3
4263,57,1769,4
4264,59,221,4
4265,41,2014,5
4266,59,978,4
4267,33,1740,4
4268,29,132,4
4269,22,2037,4
4270,46,1285,4
4271,1,1540,4
4272,37,1938,4
4273,31,2779,3
4274,10,1410,3
4275,56,1943,4
4276,46,1121,4
4277,22,746,2
4278,51,1038,4
4279,27,503,5
4280,52,1399,5
4281,10,587,4
4282,37,2037,4
4283,41,1000,3
4284,48,1731,2
4285,11,1768,5
4286,33,2408,3
4287,33,477,4
4288,37,1430,4
4289,32,2003,4
4290,1,1637,4
4291,41,1909,4
4292,12,956,5
4293,22,548,4
4294,8,2132,5
4295,42,1831,3
4296,54,260,4
4297,25,155,3
4298,7,479,4
4299,61,2028,5
4300,61,2734,3
4301,41,2386,4
4302,4,389,3
4303,57,1514,4
4304,28,16,5
4305,10,2124,2
4306,59,2450,5
4307,41,993,3
4308,7,2131,5
4309,37,431,5
4310,52,2512,3
4311,41,2704,5
4312,25,451,4
4313,2,1369,5
4314,44,180,4
4315,39,349,5
4316,54,410,3
4317,16,2247,4
4318,25,2296,3
4319,14,1597,4
4320,37,32,3
4321,45,236,3
4322,15,2726,4
4323,41,1273,4
4324,46,1462,5
4325,15,2408,5
4326,4,2456,3
4327,4,137,5
4328,26,1625,5
4329,52,1214,3
4330,3,2795,4
4331,12,1884,5
4332,10,989,4
4333,30,2039,4
4334,41,819,4
4335,53,1333,5
4336,25,1591,3
4337,33,2226,5
4338,25,258,2
4339,4,2457,4
4340,4,1154,3
4341,36,377,5
4342,10,920,4
4343,27,2625,4
4344,41,535,5
4345,36,212,4
4346,57,1421,4
4347,22,2311,4
4348,10,1087,4
4349,45,2180,3
4350,1,2710,3
4351,41,1570,4
4352,10,41,4
4353,57,2134,4
4354,41,2135,4
4355,56,2233,3
4356,33,250,3
4357,48,1263,3
4358,23,2545,3
4359,46,1268,5
4360,62,2645,4
4361,25,2603,3
4362,4,1928,5
4363,37,578,5
4364,12,2367,5
4365,44,2615,4
4366,37,368,2
4367,47,431,5
4368,55,2118,5
4369,20,535,3
4370,23,892,4
4371,42,1946,3
4372,54,2156,3
4373,29,1238,4
4374,31,723,4
4375,43,289,5
4376,22,681,3
4377,36,836,2
4378,22,2734,4
4379,25,2466,4
4380,25,2392,4
4381,63,2018,5
4382,2,27,5
4383,37,1896,5
4384,36,636,2
4385,28,610,4
4386,59,969,4
4387,0,1553,4
4388,46,2352,4
4389,28,2420,3
4390,20,2520,3
4391,14,2153,5
4392,36,628,4
4393,3,692,4
4394,46,2066,4
4395,27,391,4
4396,25,1669,3
4397,12,706,4
4398,37,1444,4
4399,10,830,5
4400,29,648,4
4401,11,771,4
4402,55,2077,4
4403,59,2250,4
4404,59,2223,4
4405,46,2670,2
4406,62,319,4
4407,53,1761,4
4408,57,2616,4
4409,57,940,5
4410,32,945,2
4411,37,735,5
4412,59,1154,4
4413,55,2003,5
4414,26,523,5
4415,37,2464,3
4416,5,1994,4
4417,10,17,4
4418,36,1232,4
4419,37,1625,4
4420,16,1896,3
4421,33,1319,4
4422,37,1606,5
4423,12,437,2
4424,42,213,3
4425,37,45,3
4426,44,77,3
4427,25,268,3
4428,60,1570,5
4429,34,2065,4
4430,23,308,4
4431,26,316,5
4432,58,2627,4
4433,12,792,2
4434,28,289,4
4435,1,2429,4
4436,11,2132,4
4437,42,1632,4
4438,12,1891,4
4439,27,2705,5
4440,37,2662,4
4441,14,1075,5
4442,37,692,4
4443,57,2480,4
4444,54,1634,4
4445,12,222,3
4446,25,311,5
4447,52,2574,4
4448,39,2620,4
4449,1,1555,4
4450,43,87,4
4451,16,1108,2
4452,26,1050,5
4453,38,283,1
4454,26,2523,4
4455,29,2380,4
4456,53,2352,5
4457,33,1527,5
4458,29,116,3
4459,33,455,5
4460,12,503,5
4461,55,240,4
4462,32,2175,1
4463,37,560,2
4464,37,2496,3
4465,38,2543,5
4466,7,1315,4
4467,59,148,4
4468,42,643,4
4469,59,2591,3
4470,61,2753,5
4471,58,549,3
4472,3,985,5
4473,37,806,2
4474,52,2180,4
4475,25,1087,3
4476,25,2579,4
4477,52,2630,4
4478,27,1558,2
4479,41,115,5
4480,46,2392,4
4481,6,1879,4
4482,61,2302,4
4483,41,1369,3
4484,36,206,2
4485,48,1116,4
4486,17,2475,1
4487,16,2248,4
4488,61,2112,4
4489,59,2668,3
4490,47,1382,4
4491,52,1382,4
4492,8,1081,3
4493,55,724,4
4494,4,33,4
4495,16,963,5
4496,4,235,5
4497,54,1746,4
4498,26,2109,4
4499,33,1755,5
4500,17,1544,4
4501,12,952,4
4502,28,86,5
4503,33,1664,4
4504,12,1204,4
4505,59,2585,4
4506,41,2412,4
4507,63,2132,4
4508,27,1591,5
4509,59,1043,4
4510,27,306,4
4511,61,2550,4
4512,58,909,3
4513,33,175,5
4514,4,1994,3
4515,4,2735,3
4516,25,250,4
4517,12,215,4
4518,52,521,4
4519,27,2448,4
4520,61,740,4
4521,12,567,4
4522,29,2635,4
4523,12,1773,3
4524,46,975,3
4525,25,1410,4
4526,37,1036,4
4527,22,1786,5
4528,52,367,3
4529,53,590,4
4530,57,47,4
4531,24,1345,4
4532,22,1584,5
4533,58,1283,4
4534,57,447,4
4535,41,124,4
4536,46,1098,3
4537,29,569,3
4538,29,2278,4
4539,60,1272,3
4540,25,912,4
4541,36,613,4
4542,25,2144,5
4543,57,501,5
4544,16,1230,5
4545,16,753,3
4546,38,1638,5
4547,37,2248,5
4548,2,1598,1
4549,41,1884,4
4550,61,1680,5
4551,10,394,4
4552,37,2285,5
4553,19,1381,5
4554,54,592,4
4555,41,1379,2
4556,12,2412,4
4557,59,2451,4
4558,25,43,4
4559,12,448,4
4560,8,1870,3
4561,42,1214,2
4562,61,2608,3
4563,46,110,4
4564,57,1991,4
4565,4,1741,2
4566,29,1675,4
4567,33,1147,5
4568,39,2788,4
4569,39,1014,5
4570,6,396,4
4571,16,2630,4
4572,61,523,4
4573,53,2368,5
4574,43,2442,5
4575,6,1574,5
4576,39,96,1
4577,58,1181,5
4578,60,2011,4
4579,16,130,2
4580,32,1435,3
4581,0,1671,4
4582,61,1641,3
4583,55,2064,4
4584,19,2088,4
4585,43,1970,3
4586,28,2260,5
4587,55,1638,4
4588,48,337,4
4589,15,2444,5
4590,41,137,3
4591,33,343,5
4592,21,1238,3
4593,28,2517,3
4594,41,113,2
4595,46,906,4
4596,6,2168,2
4597,37,2180,5
4598,39,352,4
4599,31,1705,4
4600,59,1386,3
4601,61,2361,2
4602,58,2038,4
4603,35,1405,5
4604,41,2376,3
4605,37,2138,3
4606,17,783,2
4607,42,432,4
4608,4,1543,4
4609,1,2083,3
4610,59,1622,4
4611,37,633,4
4612,8,2184,3
4613,1,1161,3
4614,4,1651,5
4615,6,2215,5
4616,41,1515,5
4617,53,1432,4
4618,59,253,3
4619,59,1317,3
4620,6,650,4
4621,62,2647,4
4622,35,296,3
4623,17,2041,4
4624,44,2130,3
4625,62,941,4
4626,23,377,4
4627,46,2306,4
4628,26,2373,4
4629,46,809,3
4630,29,2358,3
4631,38,729,5
4632,12,978,3
4633,45,1543,4
4634,25,2003,4
4635,28,289,5
4636,27,2752,5
4637,33,1605,5
4638,14,1199,1
4639,38,2749,5
4640,48,799,5
4641,0,1309,3
4642,59,377,4
4643,29,2499,4
4644,61,1414,5
4645,54,2708,4
4646,29,2580,3
4647,37,1020,2
4648,33,1318,5
4649,61,378,3
4650,24,2489,4
4651,56,172,4
4652,59,1025,3
4653,60,1582,4
4654,41,18,3
4655,33,697,4
4656,61,570,3
4657,59,2412,5
4658,10,2050,4
4659,48,1349,4
4660,47,1240,4
4661,29,2201,5
4662,14,1739,4
4663,4,886,4
4664,17,152,1
4665,12,1592,4
4666,8,911,5
4667,55,162,5
4668,61,463,5
4669,41,330,3
4670,3,463,5
4671,55,311,5
4672,37,118,3
4673,1,2629,4
4674,13,1462,5
4675,10,2737,4
4676,57,2293,4
4677,14,2070,4
4678,53,42,5
4679,37,2639,5
4680,59,923,4
4681,37,2108,4
4682,41,1632,2
4683,53,1572,5
4684,10,1575,4
4685,42,227,3
4686,36,1484,4
4687,16,840,4
4688,24,1986,5
4689,31,568,4
4690,33,1814,4
4691,37,2522,2
4692,55,990,5
4693,27,1379,1
4694,48,1632,3
4695,11,1471,4
4696,37,2500,4
4697,32,1419,5
4698,4,1194,4
4699,37,2001,3
4700,10,939,5
4701,4,122,4
4702,58,1503,3
4703,33,2482,4
4704,32,2028,4
4705,37,8,3
4706,41,2704,5
4707,59,831,4
4708,27,1914,5
4709,55,1365,2
4710,33,2703,5
4711,23,2051,4
4712,29,2319,5
4713,17,1515,5
4714,41,1481,3
4715,12,1701,3
4716,61,686,4
4717,27,389,4
4718,27,1814,4
4719,31,2132,4
4720,59,730,4
4721,37,595,4
4722,27,999,5
4723,25,465,3
4724,29,2797,3
4725,37,1577,4
4726,37,1428,3
4727,41,1247,4
4728,53,696,5
4729,10,38,5
4730,10,2208,4
4731,57,943,3
4732,15,2521,4
4733,0,2189,3
4734,41,2585,4
4735,29,2154,4
4736,59,2290,3
4737,41,659,2
4738,29,677,4
4739,15,1428,4
4740,10,2259,4
4741,15,250,5
4742,58,2739,4
4743,10,707,4
4744,11,2452,4
4745,41,921,3
4746,41,337,4
4747,6,742,4
4748,59,1847,3
4749,23,1925,4
4750,36,1878,3
4751,12,644,5
4752,42,853,3
4753,4,105,3
4754,29,2463,4
4755,16,349,2
4756,42,2552,2
4757,16,413,3
4758,12,1315,4
4759,30,961,3
4760,25,247,3
4761,36,2214,3
4762,25,1583,4
4763,33,2319,5
4764,36,121,4
4765,63,2521,5
4766,29,1428,4
4767,10,2027,4
4768,38,583,5
4769,46,793,4
4770,16,1230,5
4771,58,599,4
4772,8,1832,4
4773,28,931,5
4774,19,2399,4
4775,56,2294,4
4776,61,927,4
4777,35,682,5
4778,60,431,3
4779,12,755,5
4780,3,2356,4
4781,33,1627,3
4782,33,884,4
4783,6,830,5
4784,57,1408,5
4785,37,1177,4
4786,33,1059,5
4787,29,1059,3
4788,46,1653,3
4789,37,1513,4
4790,19,2356,4
4791,10,506,5
4792,1,377,5
4793,24,2685,4
4794,25,1730,5
4795,60,2768,4
4796,6,1103,2
4797,37,1489,4
4798,61,48,3
4799,38,1868,5
4800,3,1049,3
4801,28,2067,5
4802,41,959,3
4803,37,1770,5
4804,57,770,4
4805,58,1630,3
4806,36,337,3
4807,29,1384,3
4808,41,718,4
4809,61,1952,2
4810,14,1144,4
4811,32,122,5
4812,37,192,4
4813,25,1627,4
4814,37,2262,4
4815,33,595,4
4816,57,2044,4
4817,59,2621,3
4818,12,1382,4
4819,10,1740,4
4820,37,981,4
4821,61,852,3
4822,1,316,4
4823,12,482,5
4824,6,1059,4
4825,48,1680,3
4826,16,1502,1
4827,43,1250,3
4828,27,991,3
4829,1,2051,4
4830,10,2806,5
4831,25,42,5
4832,34,528,4
4833,12,377,2
4834,24,45,5
4835,10,2140,4
4836,21,1008,3
4837,42,2470,4
4838,36,460,3
4839,60,1473,5
4840,15,2699,4
4841,59,2105,4
4842,40,19,4
4843,12,2422,3
4844,27,1567,5
4845,37,2469,4
4846,55,2642,5
4847,29,226,4
4848,3,1075,5
4849,13,1574,5
4850,45,1413,4
4851,14,1873,1
4852,38,198,5
4853,0,2391,4
4854,41,2734,4
4855,29,2750,4
4856,12,2039,3
4857,6,230,5
4858,12,1518,5
4859,25,2392,1
4860,37,1360,4
4861,29,1188,5
4862,42,2547,3
4863,61,1620,3
4864,27,1701,5
4865,41,2412,4
4866,12,909,3
4867,47,2226,5
4868,10,1788,5
4869,38,2362,5
4870,61,1079,4
4871,36,2303,3
4872,36,2098,4
4873,34,1897,4
4874,15,1413,4
4875,60,513,4
4876,14,2283,5
4877,25,1029,4
4878,61,2682,4
4879,10,2013,4
4880,48,817,4
4881,42,561,5
4882,27,920,5
4883,41,1085,4
4884,31,2279,5
4885,17,2221,2
4886,61,1628,4
4887,58,692,4
4888,31,1565,4
4889,41,1158,3
4890,41,2627,4
4891,17,727,4
4892,27,2736,5
4893,8,1324,4
4894,28,187,2
4895,42,1544,5
4896,37,188,4
4897,48,1960,3
4898,37,1523,3
4899,15,805,2
4900,33,2548,4
4901,23,1009,5
4902,29,2364,4
4903,8,2251,4
4904,55,742,4
4905,46,407,4
4906,29,2449,4
4907,24,2523,4
4908,46,571,3
4909,10,2027,4
4910,31,1869,4
4911,12,2581,5
4912,10,256,3
4913,10,120,4
4914,29,2004,4
4915,4,872,4
4916,3,1045,2
4917,33,2016,5
4918,29,1997,3
4919,33,1951,5
4920,29,638,5
4921,3,1149,4
4922,10,1947,4
4923,28,1950,5
4924,55,793,4
4925,28,1070,4
4926,58,2636,2
4927,12,349,4
4928,33,2379,4
4929,1,1023,3
4930,15,369,3
4931,14,1994,4
4932,33,2001,4
4933,59,55,3
4934,25,301,3
4935,17,1701,2
4936,8,2266,3
4937,27,1806,4
4938,29,1593,4
4939,19,303,4
4940,47,48,3
4941,25,2679,4
4942,42,846,4
4943,29,559,4
4944,35,584,1
4945,33,2266,5
4946,55,2168,4
4947,12,2039,5
4948,28,1208,4
4949,12,589,5
4950,12,296,5
4951,27,1029,4
4952,27,703,5
4953,42,909,4
4954,33,506,4
4955,13,2807,5
4956,48,1641,3
4957,42,531,3
4958,6,709,3
4959,47,618,5
4960,59,1069,2
4961,6,151,5
4962,24,1185,3
4963,12,1919,4
4964,56,2589,5
4965,29,883,3
4966,19,1052,4
4967,28,2779,3
4968,59,1697,2
4969,55,785,4
4970,3,2619,5
4971,33,1821,5
4972,12,1245,4
4973,42,463,5
4974,12,2357,2
4975,42,2198,4
4976,59,370,5
4977,48,2419,4
4978,27,41,5
4979,25,43,4
4980,12,1567,5
4981,10,1687,4
4982,59,1850,3
4983,10,2553,5
4984,31,1832,3
4985,12,1270,4
4986,44,617,4
4987,59,1456,3
4988,21,2492,4
4989,12,2585,4
4990,59,2443,4
4991,33,304,5
4992,10,2602,3
4993,10,1536,4
4994,27,947,3
4995,60,108,4
4996,28,1077,3
4997,1,609,3
4998,6,2727,3
4999,33,2230,4
5000,33,162,4
5001,24,1697,3
5002,10,1740,4
5003,1,1393,4
5004,59,2150,4
5005,12,253,2
5006,58,2630,3
5007,27,2763,5
5008,34,1261,5
5009,27,259,2
5010,25,43,5
5011,59,2120,5
5012,27,911,4
5013,25,301,5
5014,3,1132,5
5015,44,2766,5
5016,59,2812,4
5017,10,1768,3
5018,1,657,4
5019,47,54,5
5020,12,1270,4
5021,33,1854,5
5022,1,431,5
5023,12,1368,4
5024,55,647,4
5025,1,1925,4
5026,10,110,5
5027,59,355,4
5028,23,2353,5
5029,55,871,5
5030,25,1192,3
5031,12,377,5
5032,28,931,4
5033,33,2416,5
5034,3,288,4
5035,23,1354,3
5036,55,2259,5
5037,25,1448,5
5038,59,2630,4
5039,23,1635,4
5040,1,2594,3
5041,23,1247,3
5042,6,1687,3
5043,19,1657,5
5044,59,2011,4
5045,35,2713,4
5046,25,336,4
5047,13,1997,4
5048,1,1549,4
5049,55,2240,4
5050,17,1052,2
5051,59,278,4
5052,19,2630,4
5053,25,339,4
5054,34,1594,4
5055,24,2586,5
5056,13,1642,5
5057,23,2242,4
5058,6,2695,5
5059,45,849,4
5060,12,1651,5
5061,8,2284,4
5062,34,957,4
5063,6,311,5
5064,24,2768,5
5065,33,2390,4
5066,33,2128,4
5067,40,2774,4
5068,6,2782,4
5069,33,2360,4
5070,33,2035,4
5071,1,1792,4
5072,33,1375,5
5073,28,1056,4
5074,3,415,4
5075,34,1125,4
5076,63,2345,4
5077,35,1798,2
5078,13,2414,3
5079,1,2720,4
5080,34,1152,4
5081,24,1161,4
5082,42,1368,3
5083,34,845,4
5084,35,1962,3
5085,42,2195,4
5086,34,1537,2
5087,1,1014,4
5088,42,2428,3
5089,38,198,5
5090,34,142,4
5091,38,1101,2
5092,38,719,3
5093,34,84,5
5094,34,634,4
5095,38,647,5
5096,34,1290,5
5097,45,753,3
5098,45,234,5
5099,35,552,3
5100,45,640,5
5101,45,909,3
5102,45,2238,3
5103,45,2009,3
5104,45,2248,3
